score,manner,job_finish_degree,createNum,partakeNum,level,222595437,222602451,222652756,222675513,222760546,222807286,222808035,222820410,222820426,222865147,223018597,223025352,223945300,224841013,224882207,224894458,224922228,224989771,225348006,226410295
100,60,4.54545455,0,0,100,0,0,0,0,0,0,0,0,0,0,0,0,0,0,0,0,0,0,0,0
100,60,50,0,0,0,0,0,0,0,0,40.3,0,0,0,0,0,0,0,0,0,0,0,0,0,0
100,60,0,0,0,0,0,0,0,0,0,0,0,0,0,0,11.91,0,0,0,0,0,0,0,0,0
0,0,0,0,0,100,0,0,0,0,0,0.1,0,0,0,0,0,0,0,0,0,0,0,0,0,0
85,60,46.55172415,0,0,100,0,70.61,0,0,0,0,0,0,0,0,0,0,0,0,0,0,0,0,0,0
100,60,0,0,0,80,0,0,12.8,0,0,0,0,0,0,0,0,0,0,0,0,0,0,0,0,0
0,0,0,0,0,0,0,0,0,0,0,0,0,0,0,0,0,0,0,0,0,0,0,0,0,0
53.29999924,60,0,0,0,100,0,0,0,0,0,0,0,0,0,0,0,0,0,0,0,0,0,0,0,0
85,60,50,0,6,100,0,75.16,0,0,0,0,0,0,0,0,0,0,0,0,0,0,0,0,0,0
90,60,50,0,6,100,0,78.54,0,0,0,0,0,0,0,0,0,0,0,0,0,0,0,0,0,0
0,60,0,0,0,80,0,0,0,0,0,0,0,0,0.47,0,0,0,0,0,0,0,0,0,0,0
0,60,0,0,0,100,0,0,0,0,0,0,0,0,0.6,0,0,0,0,0,0,0,0,0,0,0
97,60,0,0,0,0,0,0,0,0,0,0,15.7,0,0,0,0,0,0,0,0,0,0,0,0,0
0,0,0,0,0,0,0,0,0,0,0,0,0.07,0,0,0,0,0,0,0,0,0,0,0,0,0
91,60,50,50,42,100,0,0,0,0,0,0,0,0,0,0,0,0,0,47.92,0,0,0,0,0,0
70,60,0,0,0,0,0,0,0,0,0,0,0,0,0,0,7.58,0,0,0,0,0,0,0,0,0
50,60,0,0,0,100,0,0,2.57,0,0,0,0,0,0,0,0,0,0,0,0,0,0,0,0,0
86,60,20.68965515,0,0,100,0,39.45,0,0,0,0,0,0,0,0,0,0,0,0,0,0,0,0,0,0
96,60,0,0,0,0,0,0,0,0,0,0,13.81,0,0,0,0,0,0,0,0,0,0,0,0,0
80,60,50,0,6,40,0,77.16,0,0,0,0,0,0,0,0,0,0,0,0,0,0,0,0,0,0
89,60,50,0,0,100,0,77.98,0,0,0,0,0,0,0,0,0,0,0,0,0,0,0,0,0,0
91,60,50,0,6,100,0,73.63,0,0,0,0,0,0,0,0,0,0,0,0,0,0,0,0,0,0
83,60,50,0,0,100,0,69.49,0,0,0,0,0,0,0,0,0,0,0,0,0,0,0,0,0,0
89,60,50,0,6,100,0,73.35,0,0,0,0,0,0,0,0,0,0,0,0,0,0,0,0,0,0
85,60,50,0,0,100,0,71.64,0,0,0,0,0,0,0,0,0,0,0,0,0,0,0,0,0,0
87,60,50,0,6,100,0,79.9,0,0,0,0,0,0,0,0,0,0,0,0,0,0,0,0,0,0
86,60,50,0,0,100,0,75.42,0,0,0,0,0,0,0,0,0,0,0,0,0,0,0,0,0,0
81,60,50,0,0,100,0,66.35,0,0,0,0,0,0,0,0,0,0,0,0,0,0,0,0,0,0
82,60,50,0,6,100,0,82.19,0,0,0,0,0,0,0,0,0,0,0,0,0,0,0,0,0,0
88,6,1,0,1,5,0,82.41,0,0,0,0,0,0,0,0,0,0,0,0,0,0,0,0,0,0
89,6,1,0,0,2,0,75.73,0,0,0,0,0,0,0,0,0,0,0,0,0,0,0,0,0,0
89,6,1,0,0,5,0,73.3,0,0,0,0,0,0,0,0,0,0,0,0,0,0,0,0,0,0
96,6,0,0,0,0,0,0,0,0,0,0,15.05,0,0,0,0,0,0,0,0,0,0,0,0,0
47.5,6,0,0,0,0,0,0,0,0,0,0,0,0,0,0,11.32,0,0,0,0,0,0,0,0,0
95,6,0,0,0,0,0,0,0,0,0,0,15.12,0,0,0,0,0,0,0,0,0,0,0,0,0
98.09999847,6,0,0,0,0,0,0,0,0,0,0,15.56,0,0,0,0,0,0,0,0,0,0,0,0,0
90,6,0,0,0,5,0,0,0,0,0.03,0,0,0,0,0,0,0,0,0,0,0,14.41,0,0,0
92,6,0,0,0,0,0,0,0,0,0,0,14.38,0,0,0,0,0,0,0,0,0,0,0,0,0
100,6,0.159090909,0,0,5,0,0,0,0,0,0,0,0,0,0,0,0,0,0,0,0,0,0,0,0
90,6,1,0,0,5,0,81.34,0,0,0,0,0,0,0,0,0,0,0,0,0,0,0,0,0,0
93,6,1,1,9,5,0,0,0,0,0,0,0,0,0,0,0,0,0,46.68,0,0,0,0,0,0
100,6,1,0,0,5,0,0,0,0,0,0,0,0,0,0,0,0,0,0,0,0,0,0,0,0
95.40000153,6,0,0,0,0,0,0,0,0,0,0,16.08,0,0,0,0,0,0,0,0,0,0,0,0,0
97,6,0,0,0,0,0,0,0,0,0,0,16.7,0,0,0,0,0,0,0,0,0,0,0,0,0
96.40000153,6,0,0,0,0,0,0,0,0,0,0,14.96,0,0,0,0,0,0,0,0,0,0,0,0,0
36.70000076,6,0.227272727,0,0,5,0,0,0,0,0,0,0,0,0,0,0,0,0,0,0,0,0,0,0,0
90,6,1,0,1,5,0,74.81,0,0,0,0,0,0,0,0,0,0,0,0,0,0,0,0,0,0
95,6,0,0,0,0,0,0,0,0,0,0,15.08,0,0,0,0,0,0,0,0,0,0,0,0,0
98.69999695,6,0,0,0,0,0,0,0,0,0,0,16.26,0,0,0,0,0,0,0,0,0,0,0,0,0
97.30000305,6,0,0,0,0,0,0,0,0,0,0,14.89,0,0,0,0,0,0,0,0,0,0,0,0,0
94.40000153,6,0,0,0,0,0,0,0,0,0,0,15.27,0,0,0,0,0,0,0,0,0,0,0,0,0
100,6,0.159090909,0,0,1,0,0,0,0,0,0,0,0,0,0,0,0,0,0,0,0,0,0,0,0
97,6,0,0,0,0,0,0,0,0,0,0,16.9,0,0,0,0,0,0,0,0,0,0,0,0,0
97,6,0.75862069,0,0,5,0,61.01,0,0,0,0,0,0,0,0,0,0,0,0,0,0,0,0,0,0
81,6,1,0,0,2,0,77.28,0,0,0,0,0,0,0,0,0,0,0,0,0,0,0,0,0,0
80,6,0.113636364,0,0,5,0,0,0,0,0,0,0,0,0,0,0,0,0,0,0,0,0,0,0,0
95.40000153,6,0,0,0,0,0,0,0,0,0,0,14.72,0,0,0,0,0,0,0,0,0,0,0,0,0
94.40000153,6,0,0,0,0,0,0,0,0,0,0,14.11,0,0,0,0,0,0,0,0,0,0,0,0,0
100,6,0.113636364,0,0,5,0,0,0,0,0,0,0,0,0,0,0,0,0,0,0,0,0,0,0,0
97.5,6,0,0,0,0,0,0,0,0,0,0,0,0,0,0,5.75,0,0,0,0,0,0,0,0,0
95,6,1,1,6,5,0,0,0,0,0,0,0,0,0,0,0,0,0,48.34,0,0,0,0,0,0
92.5,6,0,0,0,0,0,0,0,0,0,0,0,0,0,0,12.2,0,0,0,0,0,0,0,0,0
100,6,1,2,7,5,0,0,0,0,0,0,0,0,0,0,0,0,0,49.7,0,0,0,0,0,0
96.40000153,6,0,0,0,0,0,0,0,0,0,0,14.57,0,0,0,0,0,0,0,0,0,0,0,0,0
100,6,0.090909091,0,0,5,0,0,0,0,0,0,0,0,0,0,0,0,0,0,0,0,0,0,0,0
90,6,1,1,4,5,0,0,0,0,0,0,0,0,0,0,0,0,0,45.47,0,0,0,0,0,0
97.40000153,6,0,0,0,0,0,0,0,0,0,0,14.59,0,0,0,0,0,0,0,0,0,0,0,0,0
92,6,1,0,1,5,0,81.58,0,0,0,0,0,0,0,0,0,0,0,0,0,0,0,0,0,0
100,6,1,0,0,5,0,0,0,0,0,0,0,0,0,0,0,0,0,0,0,0,0,0,0,0
91,6,1,1,8,5,0,0,0,0,0,0,0,0,0,0,0,0,0,47.7,0,0,0,0,0,0
99.40000153,6,0,0,0,0,0,0,0,0,0,0,15.63,0,0,0,0,0,0,0,0,0,0,0,0,0
86,6,1,0,0,5,0,70.82,0,0,0,0,0,0,0,0,0,0,0,0,0,0,0,0,0,0
97.69999695,6,0,0,0,0,0,0,0,0,0,0,15.73,0,0,0,0,0,0,0,0,0,0,0,0,0
100,6,0,0,0,1,0,0,0,0,0,0,0,0,0,0,0,0,0,0,0,0,0,0,0,0
100,6,0.295454545,0,0,5,0,0,0,0,0,0,0,0,0,0,0,0,0,0,0,0,0,0,0,0
97.40000153,6,0,0,0,0,0,0,0,0,0,0,15.36,0,0,0,0,0,0,0,0,0,0,0,0,0
66,6,0.068965517,0,0,5,0,17.12,0,0,0,0,0,0,0,0,0,0,0,0,0,0,0,0,0,0
100,6,0.136363636,0,0,5,0,0,0,0,0,0,0,0,0,0,0,0,0,0,0,0,0,0,0,0
88,6,1,0,0,5,0,74.92,0,0,0,0,0,0,0,0,0,0,0,0,0,0,0,0,0,0
85,6,1,0,0,5,0,66.8,0,0,0,0,0,0,0,0,0,0,0,0,0,0,0,0,0,0
100,6,0.227272727,0,0,5,0,0,0,0,0,0,0,0,0,0,0,0,0,0,0,0,0,0,0,0
80,6,0,0,0,0,0,0,0,0,0,0,0,0,0,0,11.77,0,0,0,0,0,0,0,0,0
100,6,1,0,0,5,0,0,0,0,0,0.03,0,0,0,0,0,0,0,0,0,0,0,0,0,0
99,6,1,1,5,5,0,0,0,0,0,0,0,0,0,0,0,0,0,46.04,0,0,0,0,0,0
98.69999695,6,0,0,0,0,0,0,0,0,0,0,15.46,0,0,0,0,0,0,0,0,0,0,0,0,0
86,6,1,0,0,5,0,75.47,0,0,0,0,0,0,0,0,0,0,0,0,0,0,0,0,0,0
92.5,6,0,0,0,0,0,0,0,0,0,0,0,0,0,0,12.68,0,0,0,0,0,0,0,0,0
93.30000305,6,0,0,0,5,0,0,0,0,0.03,0,0,0,0,0,0,0,0,0,0,0,14.46,0,0,0
0,6,0,0,0,4,0,0,0,0,0,0,0,0,0,0.13,0,0,0,0,0,0,0,0,0,0
87.5,6,0,0,0,0,0,0,0,0,0,0,0,0,0,0,11.94,0,0,0,0,0,0,0,0,0
97.40000153,6,0,0,0,0,0,0,0,0,0,0,15.35,0,0,0,0,0,0,0,0,0,0,0,0,0
0,6,0,0,0,5,0,0,0,0,0,0,0,0,0,0.1,0,0,0,0,0,0,0,0,0,0
0,0,0,0,0,5,0,0,0,0,0,0.23,0,0,0,0,0,0,0,0,0,0,0,0,0,0
77.40000153,6,0,0,0,0,0,0,0,9.18,0,0,0,0,0,0,0,0,0,0,0,0,0,0,0,0
90,6,0,0,0,0,0,0,0,0,0,0,0,0,0,0,8.62,0,0,0,0,0,0,0,0,0
100,6,0,0,0,0,0,0,0,0,0,0,0,0,0,0,12.2,0,0,0,0,0,0,0,0,0
95,6,0,0,0,0,0,0,0,0,0,0,0,0,0,0,12.22,0,0,0,0,0,0,0,0,0
0,6,0,0,0,5,0,0,0,0,0,0,0,0,0,0,0,0,0,0,0,0,0,0,0,0
100,6,0,0,0,0,0,0,0,0,0,0,0,0,0,0,13.21,0,0,0,0,0,0,0,0,0
100,6,0.159090909,0,0,5,0,0,0,0,0,0,0,0,0,0,0,0,0,0,0,0,0,0,0,0
92,6,0,0,0,0,0,0,0,0,0,0,14.7,0,0,0,0,0,0,0,0,0,0,0,0,0
95,6,0,0,0,0,0,0,0,0,0,0,15.22,0,0,0,0,0,0,0,0,0,0,0,0,0
100,6,0,0,0,5,0,0,0,0,0,0,15.28,0,0,0,0,0,0,0,0,0,15.87,0,0,0
97.5,6,0,0,0,0,0,0,0,0,0,0,0,0,0,0,14.29,0,0,0,0,0,0,0,0,0
92.5,6,0,0,0,0,0,0,0,0,0,0,0,0,0,0,10.57,0,0,0,0,0,0,0,0,0
87,6,1,0,0,5,0,65.89,0,0,0,0,0,0,0,0,0,0,0,0,0,0,0,0,0,0
85,6,1,1,4,5,0,0,0,0,0,0,0,0,0,0,0,0,0,44.48,0,0,0,0,0,0
97.5,6,0,0,0,0,0,0,0,0,0,0,0,0,0,0,10.92,0,0,0,0,0,0,0,0,0
100,6,1,0,0,5,0,0,0,0,0,0,0,0,0,0,0,0,0,0,0,0,0,0,0,0
96,6,1,1,6,5,0,0,0,0,0,0,0,0,0,0,0,0,0,47.11,0,0,0,0,0,0
82,6,1,0,0,5,0,66.12,0,0,0,0,0,0,0,0,0,0,0,0,0,0,0,0,0,0
99.30000305,6,0,0,0,0,0,0,0,0,0,0,15.5,0,0,0,0,0,0,0,0,0,0,0,0,0
88,6,0,0,0,0,0,0,0,0,0,0,15.85,0,0,0,0,0,0,0,0,0,0,0,0,0
100,6,0,0,0,0,0,0,0,0,0,0,0,0,0,0,9.72,0,0,0,0,0,0,0,0,0
96.09999847,6,0,0,0,0,0,0,0,0,0,0,14.63,0,0,0,0,0,0,0,0,0,0,0,0,0
95.40000153,6,0,0,0,0,0,0,0,0,0,0,15.77,0,0,0,0,0,0,0,0,0,0,0,0,0
96,6,0,0,0,0,0,0,0,0,0,0,0,0,0,0,8.75,0,0,0,0,0,0,0,0,0
100,6,0.636363636,0,0,5,0,0,0,0,0,0,0,0,0,0,0,0,0,0,0,0,0,0,0,0
100,6,0,0,0,5,0,0,0,0,0,0.17,0,0,0,0,0,0,0,0,0,0,0,0,0,0
95.40000153,6,0,0,0,0,0,0,0,0,0,0,15.53,0,0,0,0,0,0,0,0,0,0,0,0,0
98,6,1,1,3,5,0,0,0,0,0,0,0,0,0,0,0,0,0,49.2,0,0,0,0,0,0
90.40000153,6,0,0,0,0,0,0,0,0,0,0,14.62,0,0,0,0,0,0,0,0,0,0,0,0,0
100,6,0.454545455,0,0,5,0,0,0,0,0,0,0,0,0,0,0,0,0,0,0,0,0,0,0,0
94,6,0,0,0,0,0,0,0,0,0,0,15.19,0,0,0,0,0,0,0,0,0,0,0,0,0
86,6,1,0,0,5,0,78.85,0,0,0,0,0,0,0,0,0,0,0,0,0,0,0,0,0,0
100,6,0.363636364,0,0,5,0,0,0,0,0,0,0,0,0,0,0,0,0,0,0,0,0,0,0,0
97.40000153,6,0,0,0,0,0,0,0,0,0,0,14.93,0,0,0,0,0,0,0,0,0,0,0,0,0
100,6,0,0,0,5,0,0,0,0,0,0.17,0,0,0,0,0,0,0,0,0,0,0,0,0,0
92.5,6,0,0,0,0,0,0,0,0,0,0,0,0,0,0,11.9,0,0,0,0,0,0,0,0,0
87.5,6,0,0,0,0,0,0,0,0,0,0,0,0,0,0,11.84,0,0,0,0,0,0,0,0,0
97.30000305,6,0,0,0,0,0,0,0,0,0,0,16.23,0,0,0,0,0,0,0,0,0,0,0,0,0
77,6,0.344827586,0,1,5,0,34.36,0,0,0,0,0,0,0,0,0,0,0,0,0,0,0,0,0,0
90,6,0,0,0,0,0,0,0,0,0,0,15.1,0,0,0,0,0,0,0,0,0,0,0,0,0
100,6,0.159090909,0,0,5,0,0,0,0,0,0,0,0,0,0,0,0,0,0,0,0,0,0,0,0
80,6,1,0,0,2,0,71,0,0,0,0,0,0,0,0,0,0,0,0,0,0,0,0,0,0
100,6,0.5,0,0,5,0,0,0,0,0,0,0,0,0,0,0,0,0,0,0,0,0,0,0,0
82,6,1,0,0,5,0,81.54,0,0,0,0,0,0,0,0,0,0,0,0,0,0,0,0,0,0
91,6,0,0,0,0,0,0,0,0,0,0,14.66,0,0,0,0,0,0,0,0,0,0,0,0,0
100,6,0.545454545,0,0,4,0,0,0,0,0,0,0,0,0,0,0,0,0,0,0,0,0,0,0,0
100,6,1,1,16,5,0,0,0,0,0,0,0,0,0,0,0,0,0,49.29,0,0,0,0,0,0
95,6,1,1,1,5,0,0,0,0,0,0,0,0,0,0,0,0,0,45.85,0,0,0,0,0,0
90,6,1,0,0,5,0,72.15,0,0,0,0,0,0,0,0,0,0,0,0,0,0,0,0,0,0
88.40000153,6,0,0,0,0,0,0,0,0,0,0,15.31,0,0,0,0,0,0,0,0,0,0,0,0,0
95,6,0,0,0,0,0,0,0,0,0,0,16.81,0,0,0,0,0,0,0,0,0,0,0,0,0
100,6,0.045454545,0,0,5,0,0,0,0,0,0,0,0,0,0,0,0,0,0,0,0,0,0,0,0
100,6,0,0,0,0,0,0,0,0,0,0,0,0,0,0,14.59,0,0,0,0,0,0,0,0,0.03
90,6,1,0,0,5,0,0,0,0,0,0,0,0,0,0,0,0,0,0,0,0,0,0,0,0
100,6,1,0,0,5,0,0,0,0,0,0,0,0,0,0,0,0,0,0,0,0,0,0,0,0
89.40000153,6,0,0,0,0,0,0,0,0,0,0,12.86,0,0,0,0,0,0,0,0,0,0,0,0,0
100,6,0.386363636,0,0,5,0,0,0,0,0,0,0,0,0,0,0,0,0,0,0,0,0,0,0,0
85,6,1,0,1,5,0,74.09,0,0,0,0,0,0,0,0,0,0,0,0,0,0,0,0,0,0
93.40000153,6,0,0,0,0,0,0,0,0,0,0,14.18,0,0,0,0,0,0,0,0,0,0,0,0,0
95,6,0,0,0,0,0,0,0,0,0,0,0,0,0,0,12.63,0,0,0,0,0,0,0,0,0
94.40000153,6,0,0,0,0,0,0,0,0,0,0,14.27,0,0,0,0,0,0,0,0,0,0,0,0,0
85,6,1,0,0,5,0,78.92,0,0,0,0,0,0,0,0,0,0,0,0,0,0,0,0,0,0
88,6,1,0,1,5,0,78.48,0,0,0,0,0,0,0,0,0,0,0,0,0,0,0,0,0,0
98,6,1,1,6,5,0,0,0,0,0,0,0,0,0,0,0,0,0,47.97,0,0,0,0,0,0
100,6,0,0,0,0,0,0,0,0,0,0,0,0,0,0,15.42,0,0,0,0,0,0,0,0,0
95,6,0,0,0,0,0,0,0,0,0,0,14.46,0,0,0,0,0,0,0,0,0,0,0,0,0
80,6,1,0,0,5,0,0,0,0,0,1.57,0,0,0,0,0,0,0,0,0,0,0,0,0,0
90,6,1,1,4,5,0,0,0,0,0,0,0,0,0,0,0,0,0,45.05,0,0,0,0,0,0
96.40000153,6,0,0,0,0,0,0,0,0,0,0,14.98,0,0,0,0,0,0,0,0,0,0,0,0,0
90,6,1,1,0,5,0,75.97,0,0,0,0,0,0,0,0,0,0,0,0,0,0,0,0,0,0
86,6,0,0,0,0,0,0,0,0,0,0,14.99,0,0,0,0,0,0,0,0,0,0,0,0,0
97,6,1,1,5,5,0,0,0,0,0,0,0,0,0,0,0,0,0,48.3,0,0,0,0,0,0
92.5,6,0,0,0,0,0,0,0,0,0,0,0,0,0,0,11.84,0,0,0,0,0,0,0,0,0
92,6,0,0,0,0,0,0,0,0,0,0,14.1,0,0,0,0,0,0,0,0,0,0,0,0,0
95.40000153,6,0,0,0,0,0,0,0,0,0,0,15.25,0,0,0,0,0,0,0,0,0,0,0,0,0
93,6,0,0,0,0,0,0,0,0,0,0,14.46,0,0,0,0,0,0,0,0,0,0,0,0,0
100,6,0.090909091,0,0,5,0,0,0,0,0,0,0,0,0,0,0,0,0,0,0,0,0,0,0,0
100,6,1,0,0,5,0,0,0,0,0,0,0,0,0,0,0,0,0,0,0,0,0,0,0,0
98.59999847,6,0,0,0,0,0,0,0,0,0,0,15.04,0,0,0,0,0,0,0,0,0,0,0,0,0
76,6,1,0,0,5,0,72.96,0,0,0,0,0,0,0,0,0,0,0,0,0,0,0,0,0,0
97.40000153,6,0,0,0,0,0,0,0,0,0,0,15.5,0,0,0,0,0,0,0,0,0,0,0,0,0
96,6,0,0,0,0,0,0,0,0,0,0,17.39,0,0,0,0,0,0,0,0,0,0,0,0,0
96,6,0,0,0,0,0,0,0,0,0,0,14.75,0,0,0,0,0,0,0,0,0,0,0,0,0
98.40000153,6,0,0,0,0,0,0,0,0,0,0,15.04,0,0,0,0,0,0,0,0,0,0,0,0,0
86,6,0,0,0,0,0,0,0,0,0,0,14.14,0,0,0,0,0,0,0,0,0,0,0,0,0
93.40000153,6,0,0,0,0,0,0,0,0,0,0,15.84,0,0,0,0,0,0,0,0,0,0,0,0,0
100,6,0.022727273,0,0,5,0,0,0,0,0,0,0,0,0,0,0,0,0,0,0,0,0,0,0,0
100,6,0.181818182,0,0,5,0,0,0,0,0,0,0,0,0,0,0,0,0,0,0,0,0,0,0,0
100,6,0,0,0,5,0,0,0,0,0,0,0,0,0,0,0,0,0,0,0,0,0,0,0,0
97.40000153,6,0,0,0,0,0,0,0,0,0,0,15.22,0,0,0,0,0,0,0,0,0,0,0,0,0
100,6,0.318181818,0,0,5,0,0,0,0,0,0,0,0,0,0,0,0,0,0,0,0,0,0,0,0
94.40000153,6,0,0,0,0,0,0,0,0,0,0,14.55,0,0,0,0,0,0,0,0,0,0,0,0,0
92.5,6,0,0,0,0,0,0,0,0,0,0,0,0,0,0,9.46,0,0,0,0,0,0,0,0,0
100,6,1,1,13,5,0,0,0,0,0,0,0,0,0,0,0,0,0,49.62,0,0,0,0,0,0
78,6,0,0,0,0,0,0,0,9.38,0,0,0,0,0,0,0,0,0,0,0,0,0,0,0,0
98,6,1,1,7,5,0,0,0,0,0,0,0,0,0,0,0,0,0,49.42,0,0,0,0,0,0
88,6,1,0,0,5,0,81.39,0,0,0,0,0,0,0,0,0,0,0,0,0,0,0,0,0,0
93,6,1,1,9,5,0,0,0,0,0,0,0,0,0,0,0,0,0,46.05,0,0,0,0,0,0
100,6,0.159090909,0,0,5,0,0,0,0,0,0,0,0,0,0,0,0,0,0,0,0,0,0,0,0
100,6,0.045454545,0,0,5,0,0,0,0,0,0,0,0,0,0,0,0,0,0,0,0,0,0,0,0
96,6,0,0,0,0,0,0,0,0,0,0,15.05,0,0,0,0,0,0,0,0,0,0,0,0,0
98.40000153,6,0,0,0,0,0,0,0,0,0,0,14.64,0,0,0,0,0,0,0,0,0,0,0,0,0
87,6,1,0,1,5,0,79,0,0,0,0,0,0,0,0,0,0,0,0,0,0,0,0,0,0
100,6,1,0,0,5,0,0,0,0,0,0,0,0,0,0,0,0,0,0,0,0,0,0,0,0
96,6,1,1,1,5,0,0,0,0,0,0,0,0,0,0,0,0,0,47.85,0,0,0,0,0,0
98,6,1,1,6,5,0,0,0,0,0,0,0,0,0,0,0,0,0,49.33,0,0,0,0,0,0
97.30000305,6,0,0,0,0,0,0,0,0,0,0,15.34,0,0,0,0,0,0,0,0,0,0,0,0,0
100,6,0.090909091,0,0,5,0,0,0,0,0,0,0,0,0,0,0,0,0,0,0,0,0,0,0,0
81,6,1,0,1,5,0,82.62,0,0,0,0,0,0,0,0,0,0,0,0,0,0,0,0,0,0
97.40000153,6,0,0,0,0,0,0,0,0,0,0,15.29,0,0,0,0,0,0,0,0,0,0,0,0,0
96.40000153,6,0,0,0,0,0,0,0,0,0,0,15.5,0,0,0,0,0,0,0,0,0,0,0,0,0
98.30000305,6,0,0,0,0,0,0,0,0,0,0,15.26,0,0,0,0,0,0,0,0,0,0,0,0,0
93,6,0,0,0,0,0.03,0,0,9.42,0,0,0,0,0,0,0,0,0,0,0,0,0,0,0,0
85,6,1,0,0,5,0,72.43,0,0,0,0,0,0,0,0,0,0,0,0,0,0,0,0,0,0
90,6,1,0,0,5,0,0,0,0,0,0,0,0,0,0,0,0,0,43.52,0,0,0,0,0,0
100,6,0.045454545,0,0,5,0,0,0,0,0,0,0,0,0,0,0,0,0,0,0,0,0,0,0,0
87,6,0,0,0,0,0,0,0,0,0,0,14.74,0,0,0,0,0,0,0,0,0,0,0,0,0
50,6,0,0,0,0,0,0,0,0,0,0,0,0,0,0,12.07,0,0,0,0,0,0,0,0,0
100,6,1,0,0,5,0,0,0,0,0,0,0,0,0,0,0,0,0,0,0,0,0,0,0,0
98.40000153,6,0,0,0,0,0,0,0,0,0,0,15.3,0,0,0,0,0,0,0,0,0,0,0,0,0
90,6,0,0,0,0,0,0,0,0,0,0,14.82,0,0,0,0,0,0,0,0,0,0,0,0,0
95,6,1,1,6,5,0,0,0,0,0,0,0,0,0,0,0,0,0,47.02,0,0,0,0,0,0
93.40000153,6,0,0,0,0,0,0,0,0,0,0,14.03,0,0,0,0,0,0,0,0,0,0,0,0,0
100,6,0,0,0,0,0,0,0,0,0,0,0,0,0,0,12.75,0,0,0,0,0,0,0,0,0
90,6,0,0,0,0,0.03,0,0,3.92,0,0,0,0,0,0,0,0,0,0,0,0,0,0,0,0
92.40000153,6,0,0,0,0,0,0,0,0,0,0,14.2,0,0,0,0,0,0,0,0,0,0,0,0,0
100,6,1,0,0,5,0,0,0,0,0,0,0,0,0,0,0,0,0,0,0,0,0,0,0,0
95,6,0,0,0,0,0,0,0,0,0,0,15.21,0,0,0,0,0,0,0,0,0,0,0,0,0
0,0,0,0,0,0,0,0,0,0,0,0,0.2,0,0,0,0,0,0,0,0,0,0,0,0,0
97,6,1,1,8,5,0,0,0,0,0,0,0,0,0,0,0,0,0,48.58,0,0,0,0,0,0
97.40000153,6,0,0,0,0,0,0,0,0,0,0,15.28,0,0,0,0,0,0,0,0,0,0,0,0,0
90.40000153,6,0,0,0,0,0,0,0,0,0,0,15.41,0,0,0,0,0,0,0,0,0,0,0,0,0
89,6,0,0,0,0,0,0,0,0,0,0,14.42,0,0,0,0,0,0,0,0,0,0,0,0,0
100,6,0,0,0,5,0,0,0,0,0,0,0,0,0,0,0,0,0,0,0,0,0,0,0,0
100,6,0.272727273,0,0,5,0,0,0,0,0,0,0,0,0,0,0,0,0,0,0,0,0,0,0,0
100,6,0.068181818,0,0,5,0,0,0,0,0,0,0,0,0,0,0,0,0,0,0,0,0,0,0,0
90,6,1,0,0,5,0,0,0,0,0,0,0,0,0,0,0,0,0,0,0,0,0,0,0,0
80,6,0.022727273,0,0,4,0,0,0,0,0,0,0,0,0,0,0,0,0,0,0,0,0,0,0,0
95,6,0,0,0,0,0,0,0,0,0,0,14.96,0,0,0,0,0,0,0,0,0,0,0,0,0
100,6,0.113636364,0,0,5,0,0,0,0,0,0,0,0,0,0,0,0,0,0,0,0,0,0,0,0
100,6,0.681818182,0,0,5,0,0,0,0,0,0,0,0,0,0,0,0,0,0,0,0,0,0,0,0
100,6,0.068181818,0,0,5,0,0,0,0,0,0,0,0,0,0,0,0,0,0,0,0,0,0,0,0
87,6,1,0,1,5,0,78.44,0,0,0,0,0,0,0,0,0,0,0,0,0,0,0,0,0,0
97.40000153,6,0,0,0,0,0,0,0,0,0,0,14.57,0,0,0,0,0,0,0,0,0,0,0,0,0
100,6,0,0,0,0,0,0,0,0,0,0,0,0,0,0,13.21,0,0,0,0,0,0,0,0,0
0,0,0,0,0,5,0,0,0,0,0,0,0,0,0,0,0,0,0,10.43,0,0,0,0,0,0
98.40000153,6,0,0,0,0,0,0,0,0,0,0,14.82,0,0,0,0,0,0,0,0,0,0,0,0,0
90,6,1,1,5,5,0,0,0,0,0,0,0,0,0,0,0,0,0,46.93,0,0,0,0,0,0
87.5,6,0,0,0,0,0,0,0,0,0,0,0,0,0,0,12.41,0,0,0,0,0,0,0,0,0
88,6,1,0,0,2,0,80.72,0,0,0,0,0,0,0,0,0,0,0,0,0,0,0,0,0,0
100,6,1,2,7,5,0,0,0,0,0,0,0,0,0,0,0,0,0,49.53,0,0,0,0,0,0
100,6,1,1,8,5,0,0,0,0,0,0,0,0,0,0,0,0,0,49.62,0,0,0,0,0,0
98.30000305,6,0,0,0,0,0,0,0,0,0,0,15.61,0,0,0,0,0,0,0,0,0,0,0,0,0
89,6,0,0,0,0,0,0,0,11.92,0,0,0,0,0,0,0,0,0,0,0,0,0,0,0,0
88,6,1,0,0,5,0,74.27,0,0,0,0,0,0,0,0,0,0,0,0,0,0,0,0,0,0
100,6,0,0,0,0,0,0,0,0,0,0,0,0,0,0,13.21,0,0,0,0,0,0,0,0,0
0,6,0,0,0,5,0,0,0,0,0,0,0,0,0,0.33,0,0,0,0,0,0,0,0,0,0
60,6,0,0,0,5,0,0,0,0,0,0.03,0,0,0,0,0,0,0,0,0,0,0,0,0,0
0,6,0,0,0,5,0,0,0,0,0,0,0,0,0,0.53,0,0,0,0,0,0,0,0,0,0
85,6,0,0,0,0,0,0,0,13.21,0,0,0,0,0,0,0,0,0,0,0,0,0,0,0,0
80,6,1,0,0,5,0,0,0,0,0,40.97,0,0,0,0,0,0,0,0,0,0,0,0,0,0
67.5,6,0,0,0,0,0,0,0,0,0,0,0,0,0,0,11.21,0,0,0,0,0,0,0,0,0
100,6,0,0,0,0,0,0,0,0,0,0,0,0,0,0,13.44,0,0,0,0,0,0,0,0,0.03
80,6,0.136363636,0,0,5,0,0,0,0,0,0,0,0,0,0,0,0,0,0,0,0,0,0,0,0
70,6,0.181818182,0,0,5,0,0,0,0,0,0,0,0,0,0,0,0,0,0,0,0,0,0,0,0
95,6,0,0,0,0,0,0,0,0,0,0,0,0,0,0,14.33,0,0,0,0,0,0,0,0,0
77.80000305,6,0,0,0,0,0,0,0,14.01,0,0,0,0,0,0,0,0,0,0,0,0,0,0,0,0
0,6,0,0,0,4,0,0,0,0,0,0,0,0,0,0.2,0,0,0,0,0,0,0,0,0,0
0,6,0,0,0,4,0,0,0,0,0,0,0,0,0,0.2,0,0,0,0,0,0,0,0,0,0
0,6,0,0,0,5,0,0,0,0,0,0,0,0,0,0.3,0,0,0,0,0,0,0,0,0,0
92,6,0.084507042,0,0,0,0,0,0,19.05,0,0,0,0,0,0,0,0,0,0,0,0,0,0,0,0
100,6,0.113636364,0,0,4,0,0,0,0,0,0,0,0,0,0,0,0,0,0,0,0,0,0,0,0
0,6,0,0,0,5,0,0,0,0,0,0,0,0,0,0.27,0,0,0,0,0,0,0,0,0,0
100,6,0.363636364,0,0,5,0,0,0,0,0,0,0,0,0,0,0,0,0,0,0,0,0,0,0,0
100,6,0,0,0,0,0,0,0,0,0,0,0,0,0,0,13.07,0,0,0,0,0,0,0,0,0
60,6,1,0,0,4,0,0,0,0,0,0,0,0,0,0,0,0,0,0,0,0,0,0,0,0
100,6,1,0,0,5,0,0,0,0,0,41.33,0,0,0,0,0,0,0,0,0,0,0,0,0,0
80,6,0.113636364,0,0,4,0,0,0,0,0,0,0,0,0,0,0,0,0,0,0,0,0,0,0,0
100,6,0,0,0,0,0,0,0,0,0,0,0,0,0,0,13.15,0,0,0,0,0,0,0,0,0
80,6,1,0,0,5,0,0,0,0,0,0.33,0,0,0,0,0,0,0,0,0,0,0,0,0,0
100,6,0,0,0,5,0,0,0,0,0,0.03,0,0,0,0,0,0,0,0,0,0,0,0,0,0
0,6,0,0,0,4,0,0,0,0,0,0,0,0,0,0.37,0,0,0,0,0,0,0,0,0,0
100,6,0,0,0,0,0,0,0,0,0,0,0,0,0,0,11.32,0,0,0,0,0,0,0,0,0
100,6,0,0,0,0,0,0,0,0,0,0,0,0,0,0,12.95,0,0,0,0,0,0,0,0,0.03
82.5,6,0,0,0,0,0,0,0,0,0,0,0,0,0,0,11.28,0,0,0,0,0,0,0,0,0
0,0,0,0,0,5,0,0,0,0,0,0.13,0,0,0,0,0,0,0,0,0,0,0,0,0,0
100,6,0,0,0,5,0,0,0,0,0,0,0,0,0,0,0,0,0,0,0,0,16.24,0,0,0
93.30000305,6,0,0,0,5,0,0,0,0,0.1,0,0,0,0,0,0,0,0,0,0,0,12.7,0,0,0
0,6,0,0,0,4,0,0,0,0,0,0,0,0,0,0.17,0,0,0,0,0,0,0,0,0,0
0,6,0,0,0,5,0,0,0,0,0,0,0,0,0,0.1,0,0,0,0,0,0,0,0,0,0
100,6,0,0,0,5,0,0,0,0,0,0,0,0,0,0,0,0,0,0,0,0,14.37,0,0,0
93.30000305,6,0,0,0,4,0,0,0,0,0,0,0,0,0,0,0,0,0,0,0,0,14.87,0,0,0
100,6,0,0,0,0,0,0,0,0,0,0,0,0,0,0,13.32,0,0,0,0,0,0,0,0,0
100,6,0,0,0,0,0,0,0,0,0,0,0,0,0,0,12.63,0,0,0,0,0,0,0,0,0
0,6,0,0,0,5,0,0,0,0,0,0,0,0,0,0.23,0,0,0,0,0,0,0,0,0,0
0,6,0,0,0,5,0,0,0,0,0,0,0,0,0,0.17,0,0,0,0,0,0,0,0,0,0
100,6,1,0,0,5,0,0,0,0,0,42.53,0,0,0,0,0,0,0,0,0,0,0,0,0,0
92.5,6,0,0,0,0,0,0,0,0,0,0,0,0,0,0,10.91,0,0,0,0,0,0,0,0,0
100,6,0.659090909,0,0,5,0,0,0,0,0,0,0,0,0,0,0,0,0,0,0,0,0,0,0,0
0,6,0,0,0,5,0,0,0,0,0,0,0,0,0,0.27,0,0,0,0,0,0,0,0,0,0
100,6,0,0,0,5,0,0,0,0,0,0.1,0,0,0,0,0,0,0,0,0,0,0,0,0,0
92.5,6,0,0,0,0,0,0,0,0,0,0,0,0,0,0,10.33,0,0,0,0,0,0,0,0,0
0,6,0,0,0,5,0,0,0,0,0,0,0,0,0,0.1,0,0,0,0,0,0,0,0,0,0
67.5,6,0,0,0,0,0,0,0,0,0,0,0,0,0,0,11.38,0,0,0,0,0,0,0,0,0
80,6,1,0,0,5,0,0,0,0,0,41.2,0,0,0,0,0,0,0,0,0,0,0,0,0,0
60,6,0,0,0,5,0,0,0,0,0,0.2,0,0,0,0,0,0,0,0,0,0,0,0,0,0
100,6,0,0,0,0,0,0,0,0,0,0,0,0,0,0,12.81,0,0,0,0,0,0,0,0,0
100,6,0,0,0,5,0,0,0,0,0,0,0,0,0,0,0,0,0,0,0,0,14.99,0,0,0
100,6,0,0,0,5,0,0,0,0,0,0,0,0,0,0,0,0,0,0,0,0,15.52,0,0,0
100,6,0,0,0,0,0,0,0,0,0,0,0,0,0,0,12.85,0,0,0,0,0,0,0,0,0
100,6,0,0,0,0,0,0,0,0,0,0,0,0,0,0,13.24,0,0,0,0,0,0,0,0,0
100,6,0,0,0,5,0,0,0,0,0,0.07,0,0,0,0,0,0,0,0,0,0,0,0,0,0
97.5,6,0,0,0,0,0,0,0,0,0,0,0,0,0,0,12.91,0,0,0,0,0,0,0,0,0
97.5,6,0,0,0,0,0,0,0,0,0,0,0,0,0,0,15.15,0,0,0,0,0,0,0,0,0
70,6,0.090909091,0,0,5,0,0,0,0,0,0,0,0,0,0,0,0,0,0,0,0,0,0,0,0
100,6,0,0,0,0,0,0,0,0,0,0,0,0,0,0,13.02,0,0,0,0,0,0,0,0,0
87.5,6,0,0,0,0,0,0,0,0,0,0,0,0,0,0,12.78,0,0,0,0,0,0,0,0,0.03
100,6,0,0,0,5,0,0,0,0,0.07,0,0,0,0,0,0,0,0,0,0,0,14.66,0,0,0
100,6,0,0,0,0,0,0,0,0,0,0,0,0,0,0,12.59,0,0,0,0,0,0,0,0,0
93.30000305,6,0,0,0,5,0,0,0,0,0,0,0,0,0,0,0,0,0,0,0,0,14.93,0,0,0
100,6,0,0,0,0,0,0,0,0,0,0,0,0,0,0,7.1,0,0,0,0,0,0,0,0,0
100,6,0,0,0,0,0,0,0,0,0,0,0,0,0,0,13.64,0,0,0,0,0,0,0,0,0
0,0,0,0,0,0,0,0,0,0,0,0,0,0,0,0,0.03,0,0,0,0,0,0,0,0,0
0,6,0,0,0,5,0,0,0,0,0,0,0,0,0,0.37,0,0,0,0,0,0,0,0,0,0
0,6,0,0,0,5,0,0,0,0,0,0,0,0,0,0.03,0,0,0,0,0,0,0,0,0,0
92.5,6,0,0,0,0,0,0,0,0,0,0,0,0,0,0,13.87,0,0,0,0,0,0,0,0,0
95.19999695,6,0,0,0,0,0,0,0,14.46,0,0,0,0,0,0,0,0,0,0,0,0,0,0,0,0
87.5,6,0,0,0,0,0,0,0,0,0,0,0,0,0,0,12.24,0,0,0,0,0,0,0,0,0
80,6,0.090909091,0,0,5,0,0,0,0,0,0,0,0,0,0,0,0,0,0,0,0,0,0,0,0
100,6,0,0,0,0,0,0,0,0,0,0,0,0,0,0,13.17,0,0,0,0,0,0,0,0,0
100,6,0,0,0,5,0,0,0,0,0,0,0,0,0,0,0,0,0,0,0,0,15.2,0,0,0
60,6,1,0,0,4,0,0,0,0,0,0,0,0,0,0,0,0,0,0,0,0,0,0,0,0
80,6,0.386363636,0,0,5,0,0,0,0,0,0,0,0,0,0,0,0,0,0,0,0,0,0,0,0
100,6,0,0,0,5,0,0,0,0,0,0.23,0,0,0,0,0,0,0,0,0,0,0,0,0,0
93.30000305,6,0,0,0,5,0,0,0,0,0,0,0,0,0,0,0,0,0,0,0,0,9.5,0,0,0
80,6,0,0,0,5,0,0,0,0,0,0.1,0,0,0,0,0,0,0,0,0,0,0,0,0,0
93.30000305,6,0,0,0,5,0,0,0,0,0,0,0,0,0,0,0,0,0,0,0,0,15.38,0,0,0
0,6,0,0,0,5,0,0,0,0,0,0,0,0,0,0.13,0,0,0,0,0,0,0,0,0,0
93.30000305,6,0,0,0,5,0,0,0,0,0,0,0,0,0,0,0,0,0,0,0,0,14.21,0,0,0
87.5,6,0,0,0,0,0,0,0,0,0,0,0,0,0,0,13.58,0,0,0,0,0,0,0,0,0
100,6,0,0,0,0,0,0,0,0,0,0,0,0,0,0,9.36,0,0,0,0,0,0,0,0,0
99.69999695,6,0.25,0,0,5,0,0,0,0,0,0,0,0,0,0,0,0,0,0,0,0,0,0,0,0
97.5,6,0,0,0,0,0,0,0,0,0,0,0,0,0,0,12.89,0,0,0,0,0,0,0,0,0
0,6,0,0,0,5,0,0,0,0,0,0,0,0,0,0.23,0,0,0,0,0,0,0,0,0,0
0,6,0,0,0,5,0,0,0,0,0,0,0,0,0,0,0,0,0,0,0,0,0,0,0,0
100,6,0,0,0,0,0,0,0,0,0,0,0,0,0,0,13.44,0,0,0,0,0,0,0,0,0
93.30000305,6,0,0,0,5,0,0,0,0,0.13,0,0,0,0,0,0,0,0,0,0,0,14.62,0,0,0
100,6,0,0,0,4,0,0,0,0,0,0,0,0,0,0,0,0,0,0,0,0,0,0,0,0
100,6,0,0,0,5,0,0,0,0,0,0,0,0,0,0,0,0,0,0,0,0,0,0,0,0
100,6,0,0,0,5,0,0,0,0,0,0,0,0,0,0,0,0,0,0,0,0,14.75,0,0,0
100,6,1,0,0,5,0,0,0,0,0,20.67,0,0,0,0,0,0,0,0,0,0,0,0,0,0
100,6,0,0,0,0,0,0,0,0,0,0,0,0,0,0,15.16,0,0,0,0,0,0,0,0,0
0,6,0,0,0,5,0,0,0,0,0,0,0,0,0,0.13,0,0,0,0,0,0,0,0,0,0
0,6,0,0,0,4,0,0,0,0,0,0,0,0,0,0.2,0,0,0,0,0,0,0,0,0,0
100,6,0.113636364,0,0,5,0,0,0,0,0,0,0,0,0,0,0,0,0,0,0,0,0,0,0,0
80,6,1,0,0,5,0,0,0,0,0,1.33,0,0,0,0,0,0,0,0,0,0,0,0,0,0
0,6,0,0,0,5,0,0,0,0,0,0,0,0,0,0.07,0,0,0,0,0,0,0,0,0,0
100,6,0,0,0,0,0,0,0,0,0,0,0,0,0,0,13.34,0,0,0,0,0,0,0,0,0
0,6,0,0,0,5,0,0,0,0,0,0,0,0,0,0.07,0,0,0,0,0,0,0,0,0,0
100,6,0,0,0,0,0,0,0,0,0,0,0,0,0,0,14.44,0,0,0,0,0,0,0,0,0
77.5,6,0,0,0,0,0,0,0,0,0,0,0,0,0,0,11.33,0,0,0,0,0,0,0,0,0
0,6,0,0,0,4,0,0,0,0,0,0,0,0,0,0.1,0,0,0,0,0,0,0,0,0,0
0,6,0,0,0,5,0,0,0,0,0,0,0,0,0,0.27,0,0,0,0,0,0,0,0,0,0
100,6,0,0,0,5,0,0,0,0,0,0,0,0,0,0,0,0,0,0,0,0,13.49,0,0,0
100,6,1,0,0,5,0,0,0,0,0,20.87,0,0,0,0,0,0,0,0,0,0,0,0,0,0
80,6,0.295454545,0,0,5,0,0,0,0,0,0,0,0,0,0,0,0,0,0,0,0,0,0,0,0
100,6,0,0,0,0,0,0,0,0,0,0,0,0,0,0,13.01,0,0,0,0,0,0,0,0,0
0,6,0,0,0,5,0,0,0,0,0,0,0,0,0,0.13,0,0,0,0,0,0,0,0,0,0
0,6,0,0,0,5,0,0,0,0,0,0,0,0,0,0.13,0,0,0,0,0,0,0,0,0,0
95,6,0,0,0,0,0,0,0,0,0,0,0,0,0,0,12.9,0,0,0,0,0,0,0,0,0
85.40000153,6,0.014084507,0,0,0,0,0,0,14.24,0,0,0,0,0,0,0,0,0,0,0,0,0,0,0,0
97.5,6,0,0,0,0,0,0,0,0,0,0,0,0,0,0,13.38,0,0,0,0,0,0,0,0,0
70,6,0.090909091,0,0,5,0,0,0,0,0,0,0,0,0,0,0,0,0,0,0,0,0,0,0,0
100,6,0,0,0,5,0,0,0,0,0,0,0,0,0,0,0,0,0,0,0,0,14.46,0,0,0
100,6,1,0,0,5,0,0,0,0,0,0.83,0,0,0,0,0,0,0,0,0,0,0,0,0,0
93.30000305,6,0,0,0,5,0,0,0,0,0.07,0,0,0,0,0,0,0,0,0,0,0,14.16,0,0,0
100,6,0,0,0,0,0,0,0,0,0,0,0,0,0,0,15.22,0,0,0,0,0,0,0,0,0
80,6,1,0,0,5,0,0,0,0,0,0.33,0,0,0,0,0,0,0,0,0,0,0,0,0,0
0,6,0,0,0,5,0,0,0,0,0,0,0,0,0,0.3,0,0,0,0,0,0,0,0,0,0
0,6,0,0,0,5,0,0,0,0,0,0,0,0,0,0.03,0,0,0,0,0,0,0,0,0,0
40,6,1,0,0,5,0,0,0,0,0,41,0,0,0,0,0,0,0,0,0,0,0,0,0,0
0,6,0,0,0,5,0,0,0,0,0,0,0,0,0,0.03,0,0,0,0,0,0,0,0,0,0
93.30000305,6,0,0,0,4,0,0,0,0,0,0,0,0,0,0,0,0,0,0,0,0,11.55,0,0,0
82.5,6,0,0,0,0,0,0,0,0,0,0,0,0,0,0,13.83,0,0,0,0,0,0,0,0,0
0,6,0,0,0,5,0,0,0,0,0,0,0,0,0,0.13,0,0,0,0,0,0,0,0,0,0
89,6,0,0,0,0,0,0,0,13.49,0,0,0,0,0,0,0.13,0,0,0,0,0,0,0,0,0
100,6,0,0,0,0,0,0,0,0,0,0,0,0,0,0,14.37,0,0,0,0,0,0,0,0,0
0,6,0,0,0,4,0,0,0,0,0,0,0,0,0,0.17,0,0,0,0,0,0,0,0,0,0
92.5,6,0,0,0,0,0,0,0,0,0,0,0,0,0,0,11.98,0,0,0,0,0,0,0,0,0
100,6,1.5,0,0,5,0,0,0,0,0,40.57,0,0,0,0,0,0,0,0,0,0,0,0,0,0
92.5,6,0,0,0,0,0,0,0,0,0,0,0,0,0,0,13.6,0,0,0,0,0,0,0,0,0
100,6,0.159090909,0,0,5,0,0,0,0,0,0,0,0,0,0,0,0,0,0,0,0,0,0,0,0
0,6,0,0,0,0,0,0,0,0,0,0,0,0,0,0.1,0,0,0,0,0,0,0,0,0,0
100,6,0,0,0,5,0,0,0,0,0.03,0,0,0,0,0,0,0,0,0,0,0,12.33,0,0,0
93.30000305,6,0,0,0,5,0,0,0,0,0,0,0,0,0,0,0,0,0,0,0,0,13.8,0,0,0
93.30000305,6,0,0,0,5,0,0,0,0,0,0,0,0,0,0,0,0,0,0,0,0,16.05,0,0,0
100,6,0,0,0,0,0,0,0,0,0,0,0,0,0,0,14.31,0,0,0,0,0,0,0,0,0
0,6,0,0,0,5,0,0,0,0,0,0,0,0,0,0.3,0,0,0,0,0,0,0,0,0,0
97.5,6,0,0,0,0,0,0,0,0,0,0,0,0,0,0,12.78,0,0,0,0,0,0,0,0,0
95,6,0,0,0,0,0,0,0,0,0,0,0,0,0,0,12.31,0,0,0,0,0,0,0,0,0
70,6,0.340909091,0,0,5,0,0,0,0,0,0,0,0,0,0,0,0,0,0,0,0,0,0,0,0
100,6,0,0,0,4,0,0,0,0,0.07,0,0,0,0,0,0,0,0,0,0,0,14.98,0,0,0
100,6,0,0,0,0,0,0,0,0,0,0,0,0,0,0,5.45,0,0,0,0,0,0,0,0,0
97.5,6,0,0,0,0,0,0,0,0,0,0,0,0,0,0,12.64,0,0,0,0,0,0,0,0,0.07
92.80000305,6,0.272727273,0,0,5,0,0,0,0,0,0,0,0,0,0,0,0,0,0,0,0,0,0,0,0
100,6,0,0,0,5,0,0,0,0,0,0,0,0,0,0,0,0,0,0,0,0,15.42,0,0,0
100,6,0,0,0,5,0,0,0,0,0,0,0,0,0,0,0,0,0,0,0,0,14.57,0,0,0
93.30000305,6,0,0,0,5,0,0,0,0,0,0,0,0,0,0,0,0,0,0,0,0,14.54,0,0,0
0,6,0,0,0,5,0,0,0,0,0,0,0,0,0,0.67,0,0,0,0,0,0,0,0,0,0
93.30000305,6,0,0,0,5,0,0,0,0,0,0,0,0,0,0,0,0,0,0,0,0,14.26,0,0,0
93.30000305,6,0,0,0,5,0,0,0,0,0,0,0,0,0,0,0,0,0,0,0,0,15.88,0,0,0
0,6,0,0,0,5,0,0,0,0,0,0,0,0,0,0.2,0,0,0,0,0,0,0,0,0,0
93.30000305,6,0,0,0,5,0,0,0,0,0,0,0,0,0,0,0,0,0,0,0,0,14.68,0,0,0
0,6,0,0,0,5,0,0,0,0,0,0,0,0,0,0.13,0,0,0,0,0,0,0,0,0,0
100,6,1,0,0,5,0,0,0,0,0,1.13,0,0,0,0,0,0,0,0,0,0,0,0,0,0
0,6,0,0,0,5,0,0,0,0,0,0,0,0,0,0.5,0,0,0,0,0,0,0,0,0,0
0,6,0,0,0,4,0,0,0,0,0,0,0,0,0,0.23,0,0,0,0,0,0,0,0,0,0
0,6,0,0,0,5,0,0,0,0,0,0,0,0,0,0,0,0,0,0,0,0,0,0,0,0
100,6,0,0,0,0,0,0,0,0,0,0,0,0,0,0,13.35,0,0,0,0,0,0,0,0,0
100,6,0,0,0,5,0,0,0,0,0,0.27,0,0,0,0,0,0,0,0,0,0,0,0,0,0
100,6,0,0,0,5,0,0,0,0,0.1,0,0,0,0,0,0,0,0,0,0,0,16.36,0,0,0
40,6,0,0,0,5,0,0,0,0,0,0.07,0,0,0,0,0,0,0,0,0,0,0,0,0,0
93.30000305,6,0,0,0,5,0,0,0,0,0,0,0,0,0,0,0,0,0,0,0,0,11.01,0,0,0
100,6,0,0,0,5,0,0,0,0,0,0,0,0,0,0,0,0,0,0,0,0,12.29,0,0,0
100,6,0,0,0,0,0,0,0,0,0,0,0,0,0,0,13.43,0,0,0,0,0,0,0,0,0
50,6,0,0,0,4,0,0,7.77,0,0,0,0,0,0,0,0,0,0,0,0,0,0,0,0,0
93.30000305,6,0,0,0,5,0,0,0,0,0.03,0,0,0,0,0,0,0,0,0,0,0,14.58,0,0,0
0,6,0,0,0,5,0,0,0,0,0,0,0,0,0,0.1,0,0,0,0,0,0,0,0,0,0
0,6,0,0,0,5,0,0,0,0,0,0,0,0,0,0.2,0,0,0,0,0,0,0,0,0,0
93.30000305,6,0,0,0,5,0,0,0,0,0.17,0,0,0,0,0,0,0,0,0,0,0,15.06,0,0,0
80,6,1,0,0,5,0,0,0,0,0,41.03,0,0,0,0,0,0,0,0,0,0,0,0,0,0
100,6,0,0,0,0,0,0,0,0,0,0,0,0,0,0,10.56,0,0,0,0,0,0,0,0,0
80,6,0,0,0,5,0,0,0,0,0,1.07,0,0,0,0,0,0,0,0,0,0,0,0,0,0
0,6,0,0,0,5,0,0,0,0,0,0,0,0,0,0.23,0,0,0,0,0,0,0,0,0,0
82.5,6,0,0,0,0,0,0,0,0,0,0,0,0,0,0,10.78,0,0,0,0,0,0,0,0,0
100,6,0,0,0,0,0,0,0,0,0,0,0,0,0,0,13.04,0,0,0,0,0,0,0,0,0
0,6,0,0,0,5,0,0,0,0,0,0,0,0,0,0.47,0,0,0,0,0,0,0,0,0,0
70,6,0.204545455,0,0,5,0,0,0,0,0,0,0,0,0,0,0,0,0,0,0,0,0,0,0,0
52.5,6,0,0,0,0,0,0,0,0,0,0,0,0,0,0,9.46,0,0,0,0,0,0,0,0,0
100,6,0,0,0,0,0,0,0,0,0,0,0,0,0,0,15.23,0,0,0,0,0,0,0,0,0
100,6,0,0,0,5,0,0,0,0,0,0,0,0,0,0,0,0,0,0,0,0,14.46,0,0,0
100,6,0,0,0,0,0,0,0,0,0,0,0,0,0,0,12.76,0,0,0,0,0,0,0,0,0
0,6,0,0,0,5,0,0,0,0,0,0,0,0,0,0.13,0,0,0,0,0,0,0,0,0,0
100,6,0,0,0,0,0,0,0,0,0,0,0,0,0,0,13.11,0,0,0,0,0,0,0,0,0
100,6,0,0,0,0,0,0,0,0,0,0,0,0,0,0,9.89,0,0,0,0,0,0,0,0,0
100,6,0,0,0,5,0,0,0,0,0.03,0,0,0,0,0,0,0,0,0,0,0,14.81,0,0,0
80,6,0.045454545,0,0,5,0,0,0,0,0,0,0,0,0,0,0,0,0,0,0,0,0,0,0,0
100,6,0,0,0,5,0,0,0,0,0,0.33,0,0,0,0,0,0,0,0,0,0,0,0,0,0
0,6,0,0,0,5,0,0,0,0,0,0,0,0,0,0.3,0,0,0,0,0,0,0,0,0,0
82.5,6,0,0,0,0,0,0,0,0,0,0,0,0,0,0,11.61,0,0,0,0,0,0,0,0,0
100,6,0.227272727,0,0,4,0,0,0,0,0,0,0,0,0,0,0,0,0,0,0,0,0,0,0,0
93.30000305,6,0,0,0,5,0,0,0,0,0,0,0,0,0,0,0,0,0,0,0,0,15.2,0,0,0
93.30000305,6,0,0,0,5,0,0,0,0,0,0,0,0,0,0,0,0,0,0,0,0,14.55,0,0,0
100,6,1,0,0,5,0,0,0,0,0,0.2,0,0,0,0,0,0,0,0,0,0,0,0,0,0
0,6,0,0,0,5,0,0,0,0,0,0,0,0,0,0.5,0,0,0,0,0,0,0,0,0,0
100,6,0,0,0,5,0,0,0,0,0.1,0,0,0,0,0,0,0,0,0,0,0,15.03,0,0,0
97.5,6,0,0,0,0,0,0,0,0,0,0,0,0,0,0,13.17,0,0,0,0,0,0,0,0,0
100,6,0,0,0,5,0,0,0,0,0.03,0,0,0,0,0,0,0,0,0,0,0,15.38,0,0,0
84,6,0,0,0,0,0,0,0,13.87,0,0,0,0,0,0,0,0,0,0,0,0,0,0,0,0
93.30000305,6,0,0,0,5,0,0,0,0,0,0,0,0,0,0,0,0,0,0,0,0,13.77,0,0,0
49,6,0,0,0,0,0,0,0,12.63,0,0,0,0,0,0,0,0,0,0,0,0,0,0,0,0
100,6,0,0,0,0,0,0,0,0,0,0,0,0,0,0,15.08,0,0,0,0,0,0,0,0,0
0,6,0,0,0,5,0,0,0,0,0,0,0,0,0,0.17,0,0,0,0,0,0,0,0,0,0
100,6,0,0,0,5,0,0,0,0,0,0.07,0,0,0,0,0,0,0,0,0,0,0,0,0,0
0,6,0,0,0,5,0,0,0,0,0,0,0,0,0,0.23,0,0,0,0,0,0,0,0,0,0
60,6,0,0,0,0,0,0,0,0,0,0,0,0,0,0,8.05,0,0,0,0,0,0,0,0,0
60,6,0.045454545,0,0,5,0,0,0,0,0,0,0,0,0,0,0,0,0,0,0,0,0,0,0,0
20,6,0,0,0,5,0,0,0,0,0,0.03,0,0,0,0,0,0,0,0,0,0,0,0,0,0
0,6,0,0,0,5,0,0,0,0,0,0,0,0,0,0.37,0,0,0,0,0,0,0,0,0,0
100,6,0.022727273,0,0,5,0,0,0,0,0,0,0,0,0,0,0,0,0,0,0,0,0,0,0,0
100,6,0,0,0,5,0,0,0,0,0.27,0,0,0,0,0,0,0,0,0,0,0,16.26,0,0,0
0,6,0,0,0,5,0,0,0,0,0,0,0,0,0,0.17,0,0,0,0,0,0,0,0,0,0
100,6,0,0,0,0,0,0,0,0,0,0,0,0,0,0,15,0,0,0,0,0,0,0,0,0
92.5,6,0,0,0,0,0,0,0,0,0,0,0,0,0,0,13.27,0,0,0,0,0,0,0,0,0
94,6,0.042253521,0,0,0,0,0,0,18.8,0,0,0,0,0,0,0,0,0,0,0,0,0,0,0,0
90,6,0,0,0,0,0,0,0,0,0,0,0,0,0,0,13.04,0,0,0,0,0,0,0,0,0
0,6,0,0,0,5,0,0,0,0,0,0,0,0,0,0.07,0,0,0,0,0,0,0,0,0,0
93.30000305,6,0,0,0,5,0,0,0,0,0.1,0,0,0,0,0,0,0,0,0,0,0,14.86,0,0,0
100,6,0,0,0,5,0,0,0,0,0.03,0,0,0,0,0,0,0,0,0,0,0,14.6,0,0,0
100,6,1,0,0,5,0,0,0,0,0,41.33,0,0,0,0,0,0,0,0,0,0,0,0,0,0
0,6,0,0,0,5,0,0,0,0,0,0,0,0,0,0.23,0,0,0,0,0,0,0,0,0,0
93.30000305,6,0,0,0,5,0,0,0,0,0,0,0,0,0,0,0,0,0,0,0,0,15.5,0,0,0
100,6,0,0,0,5,0,0,0,0,0,0.17,0,0,0,0,0,0,0,0,0,0,0,0,0,0
93.30000305,6,0,0,0,5,0,0,0,0,0,0,0,0,0,0,0,0,0,0,0,0,13.71,0,0,0
100,6,0,0,0,0,0,0,0,0,0,0,0,0,0,0,15.54,0,0,0,0,0,0,0,0,0
82.5,6,0,0,0,0,0,0,0,0,0,0,0,0,0,0,13.85,0,0,0,0,0,0,0,0,0
93.30000305,6,0,0,0,5,0,0,0,0,0.03,0,0,0,0,0,0,0,0,0,0,0,14.74,0,0,0
87.80000305,6,0.477272727,0,0,4,0,0,0,0,0,0,0,0,0,0,0,0,0,0,0,0,0,0,0,0
87.5,6,0,0,0,0,0,0,0,0,0,0,0,0,0,0,12.19,0,0,0,0,0,0,0,0,0
100,6,0,0,0,5,0,0,0,0,0.1,0,0,0,0,0,0,0,0,0,0,0,15.52,0,0,0
100,6,0,0,0,0,0,0,0,0,0,0,0,0,0,0,13.38,0,0,0,0,0,0,0,0,0
100,6,1,0,0,5,0,0,0,0,0,0,0,0,0,0,0,0,0,0,0,0,0,0,0,0
0,6,0,0,0,5,0,0,0,0,0,0,0,0,0,0.07,0,0,0,0,0,0,0,0,0,0
97.5,6,0,0,0,0,0,0,0,0,0,0,0,0,0,0,13.4,0,0,0,0,0,0,0,0,0
100,6,1,0,0,5,0,0,0,0,0,0.83,0,0,0,0,0,0,0,0,0,0,0,0,0,0
0,6,0,0,0,5,0,0,0,0,0,0,0,0,0,0.07,0,0,0,0,0,0,0,0,0,0
100,6,0,0,0,5,0,0,0,0,0,0.03,0,0,0,0,0,0,0,0,0,0,0,0,0,0
97.5,6,0,0,0,0,0,0,0,0,0,0,0,0,0,0,12.36,0,0,0,0,0,0,0,0,0
100,6,0,0,0,5,0,0,0,0,0.03,0,0,0,0,0,0,0,0,0,0,0,14.4,0,0,0
0,6,0,0,0,5,0,0,0,0,0,0,0,0,0,0.2,0,0,0,0,0,0,0,0,0,0
97.5,6,0,0,0,0,0,0,0,0,0,0,0,0,0,0,12.66,0,0,0,0,0,0,0,0,0
67.5,6,0,0,0,0,0,0,0,0,0,0,0,0,0,0,11.93,0,0,0,0,0,0,0,0,0
0,6,0,0,0,5,0,0,0,0,0,0,0,0,0,0.23,0,0,0,0,0,0,0,0,0,0
93.30000305,6,0,0,0,5,0,0,0,0,0.03,0,0,0,0,0,0,0,0,0,0,0,14.78,0,0,0
0,6,0,0,0,5,0,0,0,0,0,0,0,0,0,0.27,0,0,0,0,0,0,0,0,0,0
100,6,1,0,0,5,0,0,0,0,0,40.33,0,0,0,0,0,0,0,0,0,0,0,0,0,0
80,6,0,0,0,0,0,0,0,0,0,0,0,0,0,0,10.76,0,0,0,0,0,0,0,0,0.03
97.5,6,0,0,0,0,0,0,0,0,0,0,0,0,0,0,14.71,0,0,0,0,0,0,0,0,0
100,6,0,0,0,0,0,0,0,0,0,0,0,0,0,0,15.29,0,0,0,0,0,0,0,0,0
100,6,0,0,0,5,0,0,0,0,0.3,0,0,0,0,0,0,0,0,0,0,0,17.19,0,0,0
0,6,0,0,0,5,0,0,0,0,0,0,0,0,0,0.27,0,0,0,0,0,0,0,0,0,0
93.30000305,6,0,0,0,5,0,0,0,0,0.1,0,0,0,0,0,0,0,0,0,0,0,16.04,0,0,0
99.19999695,6,0.605633803,0,0,0,0,0,0,51.35,0,0,0,0,0,0,0,0,0,0,0,0,0,0,0,0
93.30000305,6,0,0,0,5,0,0,0,0,0.03,0,0,0,0,0,0,0,0,0,0,0,14.85,0,0,0
93.30000305,6,0,0,0,5,0,0,0,0,0.03,0,0,0,0,0,0,0,0,0,0,0,16.53,0,0,0
100,6,0,0,0,5,0,0,0,0,0,0,0,0,0,0,0,0,0,0,0,0,16.29,0,0,0
100,6,0,0,0,5,0,0,0,0,0.13,0,0,0,0,0,0,0,0,0,0,0,14.96,0,0,0
0,6,0,0,0,4,0,0,0,0,0,0,0,0,0,0.3,0,0,0,0,0,0,0,0,0,0
0,6,0,0,0,5,0,0,0,0,0,0,0,0,0,0.13,0,0,0,0,0,0,0,0,0,0
60,6,0,0,0,0,0,0,0,0,0,0,0,0,0,0,10.47,0,0,0,0,0,0,0,0,0
0,6,0,0,0,5,0,0,0,0,0,0,0,0,0,0.2,0,0,0,0,0,0,0,0,0,0
97.5,6,0,0,0,0,0,0,0,0,0,0,0,0,0,0,14.17,0,0,0,0,0,0,0,0,0
100,6,0,0,0,5,0,0,0,0,0.2,0,0,0,0,0,0,0,0,0,0,0,16.2,0,0,0
0,6,0,0,0,5,0,0,0,0,0,0,0,0,0,0.2,0,0,0,0,0,0,0,0,0,0
0,6,0,0,0,5,0,0,0,0,0,0,0,0,0,0.5,0,0,0,0,0,0,0,0,0,0
100,6,0,0,0,5,0,0,0,0,0,0,0,0,0,0,0,0,0,0,0,0,14.48,0,0,0
100,6,0,0,0,0,0,0,0,0,0,0,0,0,0,0,13.04,0,0,0,0,0,0,0,0,0
100,6,0,0,0,0,0,0,3.9,0,0,0,0,0,0,0,0,0,0,0,0,0,0,0,0,0
100,6,0,0,0,5,0,0,0,0,0,0.63,0,0,0,0,0,0,0,0,0,0,0,0,0,0
0,6,0,0,0,5,0,0,0,0,0,0,0,0,0,0.07,0,0,0,0,0,0,0,0,0,0
100,6,1,0,0,5,0,0,0,0,0,40.87,0,0,0,0,0,0,0,0,0,0,0,0,0,0
100,6,1,0,0,5,0,0,0,0,0,1.07,0,0,0,0,0,0,0,0,0,0,0,0,0,0
0,6,0,0,0,4,0,0,0,0,0,0,0,0,0,0.23,0,0,0,0,0,0,0,0,0,0
0,6,0,0,0,5,0,0,0,0,0,0,0,0,0,1,0,0,0,0,0,0,0,0,0,0
100,6,0.272727273,0,0,5,0,0,0,0,0,0,0,0,0,0,0,0,0,0,0,0,0,0,0,0
93.30000305,6,0,0,0,5,0,0,0,0,0.63,0,0,0,0,0,0,0,0,0,0,0,20.86,0,0,0
100,6,0,0,0,5,0,0,0,0,0,0,0,0,0,0,0,0,0,0,0,0,14.91,0,0,0
93.30000305,6,0,0,0,4,0,0,0,0,0.2,0,0,0,0,0,0,0,0,0,0,0,15.95,0,0,0
60,6,0.022727273,0,0,5,0,0,0,0,0,0,0,0,0,0,0,0,0,0,0,0,0,0,0,0
0,6,0,0,0,5,0,0,0,0,0,0,0,0,0,0.17,0,0,0,0,0,0,0,0,0,0
0,6,0,0,0,5,0,0,0,0,0,0,0,0,0,0.27,0,0,0,0,0,0,0,0,0,0
92.5,6,0,0,0,0,0,0,0,0,0,0,0,0,0,0,13.73,0,0,0,0,0,0,0,0,0
0,6,0,0,0,5,0,0,0,0,0,0,0,0,0,0.2,0,0,0,0,0,0,0,0,0,0
100,6,0,0,0,5,0,0,0,0,0.03,0,0,0,0,0,0,0,0,0,0,0,15.49,0,0,0
90,6,0,0,0,0,0,0,0,0,0,0,0,0,0,0,13.83,0,0,0,0,0,0,0,0,0
100,6,1,0,0,5,0,0,0,0,0,0.4,0,0,0,0,0,0,0,0,0,0,0,0,0,0
93.30000305,6,0,0,0,5,0,0,0,0,0.07,0,0,0,0,0,0,0,0,0,0,0,13.6,0,0,0
0,6,0,0,0,5,0,0,0,0,0,0,0,0,0,0.07,0,0,0,0,0,0,0,0,0,0
100,6,1,0,0,5,0,0,0,0,0,0.33,0,0,0,0,0,0,0,0,0,0,0,0,0,0
100,6,0,0,0,5,0,0,0,0,0,0,0,0,0,0,0,0,0,0,0,0,7.3,0,0,0
93.30000305,6,0,0,0,5,0,0,0,0,0.07,0,0,0,0,0,0,0,0,0,0,0,12.67,0,0,0
60,6,0,0,0,5,0,0,0,0,0,0.6,0,0,0,0,0,0,0,0,0,0,0,0,0,0
100,6,0,0,0,0,0,0,0,0,0,0,0,0,0,0,13.83,0,0,0,0,0,0,0,0,0
97.5,6,0,0,0,0,0,0,0,0,0,0,0,0,0,0,15.04,0,0,0,0,0,0,0,0,0
0,6,0,0,0,5,0,0,0,0,0,0,0,0,0,0.17,0,0,0,0,0,0,0,0,0,0
100,6,0,0,0,0,0,0,0,0,0,0,0,0,0,0,13.02,0,0,0,0,0,0,0,0,0.03
60,6,0.227272727,0,0,5,0,0,0,0,0,0,0,0,0,0,0,0,0,0,0,0,0,0,0,0
84.40000153,6,0,0,0,0,0,0,0,13.98,0,0,0,0,0,0,0,0,0,0,0,0,0,0,0,0
100,6,0,0,0,0,0,0,0,0,0,0,0,0,0,0,14.59,0,0,0,0,0,0,0,0,0.07
90,6,0,0,0,0,0,0,0,0,0,0,0,0,0,0,11.68,0,0,0,0,0,0,0,0,0
93.30000305,6,0,0,0,5,0,0,0,0,0,0,0,0,0,0,0,0,0,0,0,0,9.43,0,0,0
70,6,0,0,0,0,0,0,0,0,0,0,0,0,0,0,12.95,0,0,0,0,0,0,0,0,0
100,6,0,0,0,5,0,0,0,0,0,0,0,0,0,0,0,0,0,0,0,0,16.33,0,0,0
100,6,0,0,0,5,0,0,0,0,0.07,0,0,0,0,0,0,0,0,0,0,0,14.74,0,0,0
100,6,0,0,0,0,0,0,0,0,0,0,0,0,0,0,10.54,0,0,0,0,0,0,0,0,0
80,6,1,0,0,5,0,0,0,0,0,40.53,0,0,0,0,0,0,0,0,0,0,0,0,0,0
93.30000305,6,0,0,0,5,0,0,0,0,0.1,0,0,0,0,0,0,0,0,0,0,0,14.54,0,0,0
70,6,0.090909091,0,0,5,0,0,0,0,0,0,0,0,0,0,0,0,0,0,0,0,0,0,0,0
78.80000305,6,0,0,0,0,0,0,0,13.33,0,0,0,0,0,0,0,0,0,0,0,0,0,0,0,0
93.30000305,6,0,0,0,5,0,0,0,0,0,0,0,0,0,0,0,0,0,0,0,0,14.36,0,0,0
73.80000305,6,0,0,0,0,0,0,0,12.46,0,0,0,0,0,0,0,0,0,0,0,0,0,0,0,0
100,6,1,0,0,5,0,0,0,0,0,40.33,0,0,0,0,0,0,0,0,0,0,0,0,0,0
100,6,0,0,0,5,0,0,0,0,0,0.73,0,0,0,0,0,0,0,0,0,0,0,0,0,0
81.40000153,6,0,0,0,0,0,0,0,13.18,0,0,0,0,0,0,0,0,0,0,0,0,0,0,0,0
93.30000305,6,0,0,0,5,0,0,0,0,0.13,0,0,0,0,0,0,0,0,0,0,0,14.38,0,0,0
93.30000305,6,0,0,0,5,0,0,0,0,0.03,0,0,0,0,0,0,0,0,0,0,0,14.8,0,0,0
100,6,0,0,0,5,0,0,0,0,0,0.17,0,0,0,0,0,0,0,0,0,0,0,0,0,0
0,6,0,0,0,5,0,0,0,0,0,0,0,0,0,0.27,0,0,0,0,0,0,0,0,0,0
97.5,6,0,0,0,0,0,0,0,0,0,0,0,0,0,0,14.2,0,0,0,0,0,0,0,0,0
80,6,0.181818182,0,0,5,0,0,0,0,0,0,0,0,0,0,0,0,0,0,0,0,0,0,0,0
93.30000305,6,0,0,0,5,0,0,0,0,0,0,0,0,0,0,0,0,0,0,0,0,15.08,0,0,0
100,6,0,0,0,0,0,0,0,0,0,0,0,0,0,0,10.77,0,0,0,0,0,0,0,0,0
100,6,1,0,0,5,0,0,0,0,0,40.3,0,0,0,0,0,0,0,0,0,0,0,0,0,0
100,6,1,0,0,5,0,0,0,0,0,40.63,0,0,0,0,0,0,0,0,0,0,0,0,0,0
60,6,1,0,0,5,0,0,0,0,0,0.43,0,0,0,0,0,0,0,0,0,0,0,0,0,0
100,6,0,0,0,5,0,0,0,0,0.03,0,0,0,0,0,0,0,0,0,0,0,15.43,0,0,0
82.40000153,6,0.056338028,0,0,0,0,0,0,17.38,0,0,0,0,0,0,0,0,0,0,0,0,0,0,0,0
100,6,0,0,0,5,0,0,0,0,0,0.33,0,0,0,0,0,0,0,0,0,0,0,0,0,0
100,6,0,0,0,5,0,0,0,0,0,0.67,0,0,0,0,0,0,0,0,0,0,0,0,0,0
100,6,0,0,0,0,0,0,0,0,0,0,0,0,0,0,12.37,0,0,0,0,0,0,0,0,0
0,0,1,0,0,5,0,0,0,0,0,40.3,0,0,0,0,0,0,0,0,0,0,0,0,0,0
100,6,2,0,0,5,0,0,0,0,0,41.53,0,0,0,0,0,0,0,0,0,0,0,0,0,0
100,6,0,0,0,5,0,0,0,0,0.03,0,0,0,0,0,0,0,0,0,0,0,14.75,0,0,0
0,6,0,0,0,5,0,0,0,0,0,0,0,0,0,0.1,0,0,0,0,0,0,0,0,0,0
100,6,0,0,0,0,0,0,0,0,0,0,0,0,0,0,14.51,0,0,0,0,0,0,0,0,0
100,6,0,0,0,3,0,0,0,0,0.03,0,0,0,0,0,0,0,0,0,0,0,14.67,0,0,0
100,6,0,0,0,0,0,0,0,0,0,0,0,0,0,0,12.66,0,0,0,0,0,0,0,0,0
93.30000305,6,0,0,0,5,0,0,0,0,0,0,0,0,0,0,0,0,0,0,0,0,14.33,0,0,0
0,6,0,0,0,5,0,0,0,0,0,0,0,0,0,0.27,0,0,0,0,0,0,0,0,0,0
100,6,0,0,0,5,0,0,0,0,0.03,0,0,0,0,0,0,0,0,0,0,0,14.93,0,0,0
0,6,0,0,0,5,0,0,0,0,0,0.77,0,0,0,0,0,0,0,0,0,0,0,0,0,0
80,6,0.181818182,0,0,5,0,0,0,0,0,0,0,0,0,0,0,0,0,0,0,0,0,0,0,0
0,6,0,0,0,5,0,0,0,0,0,0,0,0,0,0.37,0,0,0,0,0,0,0,0,0,0
0,6,0,0,0,5,0,0,0,0,0,0,0,0,0,0.17,0,0,0,0,0,0,0,0,0,0
97.5,6,0,0,0,0,0,0,0,0,0,0,0,0,0,0,12.78,0,0,0,0,0,0,0,0,0.03
100,6,0.159090909,0,0,5,0,0,0,0,0,0,0,0,0,0,0,0,0,0,0,0,0,0,0,0
100,6,0,0,0,0,0,0,0,0,0,0,0,0,0,0,11.6,0,0,0,0,0,0,0,0,0
0,0,0,0,0,5,0,0,0,0,0,0.03,0,0,0,0,0,0,0,0,0,0,0,0,0,0
0,6,0,0,0,5,0,0,0,0,0,0,0,0,0,0.2,0,0,0,0,0,0,0,0,0,0
100,6,0,0,0,0,0,0,0,0,0,0,0,0,0,0,9.1,0,0,0,0,0,0,0,0,0
100,6,0,0,0,0,0,0,0,0,0,0,0,0,0,0,12.82,0,0,0,0,0,0,0,0,0
0,6,0,0,0,5,0,0,0,0,0,0,0,0,0,0.33,0,0,0,0,0,0,0,0,0,0
70,6,0.204545455,0,0,5,0,0,0,0,0,0,0,0,0,0,0,0,0,0,0,0,0,0,0,0
60,6,1,0,0,5,0,0,0,0,0,1.23,0,0,0,0,0,0,0,0,0,0,0,0,0,0
100,6,0,0,0,0,0,0,0,0,0,0,0,0,0,0,11.44,0,0,0,0,0,0,0,0,0
93.30000305,6,0,0,0,4,0,0,0,0,0,0,0,0,0,0,0,0,0,0,0,0,11.85,0,0,0
0,6,0,0,0,5,0,0,0,0,0,0,0,0,0,0.1,0,0,0,0,0,0,0,0,0,0
100,6,0,0,0,0,0,0,0,0,0,0,0,0,0,0,12.75,0,0,0,0,0,0,0,0,0
60,6,0.045454545,0,0,5,0,0,0,0,0,0,0,0,0,0,0,0,0,0,0,0,0,0,0,0
93,6,0,0,0,0,0,0,0,14.93,0,0,0,0,0,0,0,0,0,0,0,0,0,0,0,0
0,0,0,0,0,5,0,0,0,0,0,0,0,0,0,0,0,0,0,0,0,0,0,0,0,0
80,6,0.113636364,0,0,5,0,0,0,0,0,0,0,0,0,0,0,0,0,0,0,0,0,0,0,0
93.30000305,6,0,0,0,5,0,0,0,0,0,0,0,0,0,0,0,0,0,0,0,0,14.51,0,0,0
100,6,0,0,0,5,0,0,0,0,0,0,0,0,0,0,0,0,0,0,0,0,15.05,0,0,0
100,6,0,0,0,0,0,0,0,0,0,0,0,0,0,0,14.74,0,0,0,0,0,0,0,0,0
93.30000305,6,0,0,0,5,0,0,0,0,0,0,0,0,0,0,0,0,0,0,0,0,13.58,0,0,0
90,6,0,0,0,5,0,0,0,0,0,0,0,0,0,0,0,0,0,0,0,0,11.64,0,0,0
93.30000305,6,0,0,0,5,0,0,0,0,0.1,0,0,0,0,0,0,0,0,0,0,0,14.57,0,0,0
100,6,1,0,0,5,0,0,0,0,0,1,0,0,0,0,0,0,0,0,0,0,0,0,0,0
0,6,0,0,0,5,0,0,0,0,0,0,0,0,0,0.3,0,0,0,0,0,0,0,0,0,0
80,6,1,0,0,5,0,0,0,0,0,42.47,0,0,0,0,0,0,0,0,0,0,0,0,0,0
93.30000305,6,0,0,0,5,0,0,0,0,0,0,0,0,0,0,0,0,0,0,0,0,14.09,0,0,0
0,6,0,0,0,5,0,0,0,0,0,0,0,0,0,0.27,0,0,0,0,0,0,0,0,0,0
92.5,6,0,0,0,0,0,0,0,0,0,0,0,0,0,0,11.54,0,0,0,0,0,0,0,0,0.03
100,6,0,0,0,0,0,0,0,0,0,0,0,0,0,0,14.76,0,0,0,0,0,0,0,0,0
93.30000305,6,0,0,0,5,0,0,0,0,0,0,0,0,0,0,0,0,0,0,0,0,14.29,0,0,0
93.30000305,6,0,0,0,5,0,0,0,0,0.07,0,0,0,0,0,0,0,0,0,0,0,14.96,0,0,0
0,6,0,0,0,5,0,0,0,0,0,0,0,0,0,0.17,0,0,0,0,0,0,0,0,0,0
100,6,0,0,0,5,0,0,0,0,0,0.1,0,0,0,0,0,0,0,0,0,0,0,0,0,0
93.30000305,6,0,0,0,5,0,0,0,0,0,0,0,0,0,0,0,0,0,0,0,0,14.58,0,0,0
0,6,0,0,0,4,0,0,0,0,0,0,0,0,0,0.6,0,0,0,0,0,0,0,0,0,0
90,6,0,0,0,5,0,0,0,0,0,0.1,0,0,0,0,0,0,0,0,0,0,0,0,0,0
93.30000305,6,0,0,0,4,0,0,0,0,0,0,0,0,0,0,0,0,0,0,0,0,14.51,0,0,0
93.30000305,6,0,0,0,5,0,0,0,0,0.03,0,0,0,0,0,0,0,0,0,0,0,14.79,0,0,0
100,6,0,0,0,0,0,0,0,0,0,0,0,0,0,0,13.31,0,0,0,0,0,0,0,0,0
0,6,0,0,0,5,0,0,0,0,0,0,0,0,0,1,0,0,0,0,0,0,0,0,0,0
93.30000305,6,0,0,0,5,0,0,0,0,0,0,0,0,0,0,0,0,0,0,0,0,14.53,0,0,0
97.5,6,0,0,0,0,0,0,0,0,0,0,0,0,0,0,12.88,0,0,0,0,0,0,0,0,0
0,6,0,0,0,0,0,0,0,0,0,0,0,0,0,0.2,0,0,0,0,0,0,0,0,0,0
60,6,0,0,0,5,0,0,0,0,0,0.4,0,0,0,0,0,0,0,0,0,0,0,0,0,0
100,6,0,0,0,5,0,0,0,0,0,0.87,0,0,0,0,0,0,0,0,0,0,0,0,0,0
100,6,0,0,0,5,0,0,0,0,0,0,0,0,0,0,0,0,0,0,0,0,15.19,0,0,0
100,6,0,0,0,0,0,0,0,0,0,0,0,0,0,0,12.85,0,0,0,0,0,0,0,0,0
100,6,2,0,0,5,0,0,0,0,0,41.53,0,0,0,0,0,0,0,0,0,0,0,0,0,0
0,6,0,0,0,5,0,0,0,0,0,0,0,0,0,0.17,0,0,0,0,0,0,0,0,0,0
80,6,1,0,0,5,0,0,0,0,0,20.87,0,0,0,0,0,0,0,0,0,0,0,0,0,0
100,6,0,0,0,5,0,0,0,0,0,0.53,0,0,0,0,0,0,0,0,0,0,0,0,0,0
93.30000305,6,0,0,0,5,0,0,0,0,0.13,0,0,0,0,0,0,0,0,0,0,0,15.78,0,0,0
97.5,6,0,0,0,0,0,0,0,0,0,0,0,0,0,0,14.47,0,0,0,0,0,0,0,0,0
97.5,6,0,0,0,0,0,0,0,0,0,0,0,0,0,0,12.55,0,0,0,0,0,0,0,0,0
93.30000305,6,0,0,0,5,0,0,0,0,0,0,0,0,0,0,0,0,0,0,0,0,15.1,0,0,0
100,6,0,0,0,5,0,0,0,0,0.1,0,0,0,0,0,0,0,0,0,0,0,15.32,0,0,0
100,6,0,0,0,5,0,0,0,0,0.1,0,0,0,0,0,0,0,0,0,0,0,16.06,0,0,0
0,6,0,0,0,5,0,0,0,0,0,0,0,0,0,0.27,0,0,0,0,0,0,0,0,0,0
80,6,0,0,0,5,0,0,0,0,0,0.8,0,0,0,0,0,0,0,0,0,0,0,0,0,0
100,6,0,0,0,0,0,0,0,0,0,0,0,0,0,0,13.17,0,0,0,0,0,0,0,0,0
55,6,0,0,0,0,0,0,0,0,0,0,0,0,0,0,10.29,0,0,0,0,0,0,0,0,0
0,6,0,0,0,5,0,0,0,0,0,0,0,0,0,0.3,0,0,0,0,0,0,0,0,0,0
87.5,6,0,0,0,0,0,0,0,0,0,0,0,0,0,0,14.2,0,0,0,0,0,0,0,0,0
93.30000305,6,0,0,0,5,0,0,0,0,0,0,0,0,0,0,0,0,0,0,0,0,14.37,0,0,0
93.30000305,6,0,0,0,5,0,0,0,0,0.1,0,0,0,0,0,0,0,0,0,0,0,14.94,0,0,0
100,6,1,0,0,5,0,0,0,0,0,41.47,0,0,0,0,0,0,0,0,0,0,0,0,0,0
98.30000305,6,0.022727273,0,0,5,0,0,0,0,0,0,0,0,0,0,0,0,0,0,0,0,0,0,0,0
82.5,6,0,0,0,0,0,0,0,0,0,0,0,0,0,0,12.57,0,0,0,0,0,0,0,0,0
0,6,0,0,0,5,0,0,0,0,0,0,0,0,0,0.23,0,0,0,0,0,0,0,0,0,0
100,6,0,0,0,5,0,0,0,0,0,0,0,0,0,0,0,0,0,0,0,0,15.16,0,0,0
0,6,0,0,0,5,0,0,0,0,0,0,0,0,0,0,0,0,0,0,0,0,0,0,0,0
93.30000305,6,0,0,0,5,0,0,0,0,0.03,0,0,0,0,0,0,0,0,0,0,0,14.68,0,0,0
92.40000153,6,0.183098592,0,0,0,0,0,0,22.06,0,0,0,0,0,0,0,0,0,0,0,0,0,0,0,0
91.80000305,6,0.028169014,0,0,0,0,0,0,17.55,0,0,0,0,0,0,0,0,0,0,0,0,0,0,0,0
100,6,0,0,0,5,0,0,0,0,0.03,0,0,0,0,0,0,0,0,0,0,0,17.05,0,0,0
0,6,0,0,0,5,0,0,0,0,0,0,0,0,0,0.23,0,0,0,0,0,0,0,0,0,0
100,6,0.477272727,0,0,5,0,0,0,0,0,0,0,0,0,0,0,0,0,0,0,0,0,0,0,0
93.30000305,6,0,0,0,4,0,0,0,0,0.07,0,0,0,0,0,0,0,0,0,0,0,7.6,0,0,0
93.30000305,6,0,0,0,5,0,0,0,0,0,0,0,0,0,0,0,0,0,0,0,0,14.86,0,0,0
65,6,1,0,0,5,0,0,0,0,0,0,0,0,0,0,0,0,0,0,0,0,0,0,0,0
93.30000305,6,0,0,0,5,0,0,0,0,0,0,0,0,0,0,0,0,0,0,0,0,14.64,0,0,0
93.30000305,6,0,0,0,5,0,0,0,0,0,0,0,0,0,0,0,0,0,0,0,0,14.51,0,0,0
100,6,0,0,0,0,0,0,0,0,0,0,0,0,0,0,13.5,0,0,0,0,0,0,0,0,0.1
93.30000305,6,0,0,0,5,0,0,0,0,0,0,0,0,0,0,0,0,0,0,0,0,14.42,0,0,0
0,6,0,0,0,5,0,0,0,0,0,0,0,0,0,0.2,0,0,0,0,0,0,0,0,0,0
100,6,0,0,0,5,0,0,0,0,0,0,0,0,0,0,0,0,0,0,0,0,14.74,0,0,0
93.30000305,6,0,0,0,5,0,0,0,0,0,0,0,0,0,0,0,0,0,0,0,0,14.25,0,0,0
100,6,0,0,0,0,0,0,0,0,0,0,0,0,0,0,13.11,0,0,0,0,0,0,0,0,0
82.40000153,6,0,0,0,0,0.03,0,0,13.51,0,0,0,0,0,0,0,0,0,0,0,0,0,0,0,0
100,6,0.090909091,0,0,5,0,0,0,0,0,0,0,0,0,0,0,0,0,0,0,0,0,0,0,0
100,6,0,0,0,5,0,0,0,0,0.03,0,0,0,0,0,0,0,0,0,0,0,15.8,0,0,0
90,6,0,0,0,5,0,0,0,0,0,0.03,0,0,0,0,0,0,0,0,0,0,0,0,0,0
100,6,1,0,0,5,0,0,0,0,0,41.37,0,0,0,0,0,0,0,0,0,0,0,0,0,0
97.5,6,0,0,0,0,0,0,0,0,0,0,0,0,0,0,13.03,0,0,0,0,0,0,0,0,0
97.5,6,0,0,0,0,0,0,0,0,0,0,0,0,0,0,15.07,0,0,0,0,0,0,0,0,0
100,6,0,0,0,0,0,0,0,0,0,0,0,0,0,0,12.98,0,0,0,0,0,0,0,0,0
0,6,0,0,0,5,0,0,0,0,0,0,0,0,0,0.2,0,0,0,0,0,0,0,0,0,0
98.90000153,6,0.363636364,0,0,4,0,0,0,0,0,0,0,0,0,0,0,0,0,0,0,0,0,0,0,0
0,6,0,0,0,5,0,0,0,0,0,0,0,0,0,0.13,0,0,0,0,0,0,0,0,0,0
60,6,0.022727273,0,0,5,0,0,0,0,0,0,0,0,0,0,0,0,0,0,0,0,0,0,0,0
0,6,0,0,0,5,0,0,0,0,0,0,0,0,0,0.1,0,0,0,0,0,0,0,0,0,0
93.30000305,6,0,0,0,5,0,0,0,0,0.03,0,0,0,0,0,0,0,0,0,0,0,14.34,0,0,0
0,6,0,0,0,4,0,0,0,0,0,0,0,0,0,0.47,0,0,0,0,0,0,0,0,0,0
70,6,0.25,0,0,5,0,0,0,0,0,0,0,0,0,0,0,0,0,0,0,0,0,0,0,0
90,6,0,0,0,5,0,0,0,0,0,0,0,0,0,0,0,0,0,0,0,0,14.58,0,0,0
100,6,0,0,0,5,0,0,0,0,0,0,0,0,0,0,0,0,0,0,0,0,14.07,0,0,0
70,6,0,0,0,0,0,0,0,0,0,0,0,0,0,0,13.26,0,0,0,0,0,0,0,0,0
100,6,0,0,0,0,0,0,0,0,0,0,0,0,0,0,13.24,0,0,0,0,0,0,0,0,0
80,6,0,0,0,5,0,0,0,0,0,0.87,0,0,0,0,0,0,0,0,0,0,0,0,0,0
97.5,6,0,0,0,0,0,0,0,0,0,0,0,0,0,0,15.13,0,0,0,0,0,0,0,0,0
0,6,0,0,0,5,0,0,0,0,0,0,0,0,0,0.4,0,0,0,0,0,0,0,0,0,0
0,0,0,0,0,0,0,0,0,0,0,0,0,0,0,0,0.07,0,0,0,0,0,0,0,0,0
97.5,6,0,0,0,0,0,0,0,0,0,0,0,0,0,0,12.95,0,0,0,0,0,0,0,0,0
100,6,1,0,0,5,0,0,0,0,0,21.27,0,0,0,0,0,0,0,0,0,0,0,0,0,0
0,6,0,0,0,4,0,0,0,0,0,0,0,0,0,0.17,0,0,0,0,0,0,0,0,0,0
100,6,0,0,0,0,0,0,0,0,0,0,0,0,0,0,13.49,0,0,0,0,0,0,0,0,0
100,6,0,0,0,0,0,0,0,0,0,0,0,0,0,0,14.37,0,0,0,0,0,0,0,0,0
95,6,0,0,0,0,0,0,0,0,0,0,0,0,0,0,7.96,0,0,0,0,0,0,0,0,0
92.59999847,6,0,0,0,0,0,0,0,14.08,0,0,0,0,0,0,0,0,0,0,0,0,0,0,0,0
80,6,0.090909091,0,0,5,0,0,0,0,0,0,0,0,0,0,0,0,0,0,0,0,0,0,0,0
93.30000305,6,0,0,0,5,0,0,0,0,0,0,0,0,0,0,0,0,0,0,0,0,14.18,0,0,0
83,6,0,0,0,0,0,0,0,13.45,0,0,0,0,0,0,0,0,0,0,0,0,0,0,0,0
83,6,0,0,0,0,0,0,0,14.27,0,0,0,0,0,0,0,0,0,0,0,0,0,0,0,0
93.30000305,6,0,0,0,5,0,0,0,0,0,0,0,0,0,0,0,0,0,0,0,0,14.2,0,0,0
94,6,0,0,0,0,0,0,0,0,0,0,0,0,0,0,11.77,0,0,0,0,0,0,0,0,0
100,6,0,0,0,0,0,0,0,15.87,0,0,0,0,0,0,0,0,0,0,0,0,0,0,0,0
100,6,0,0,0,5,0,0,0,0,0.1,0,0,0,0,0,0,0,0,0,0,0,14.96,0,0,0
100,6,0,0,0,0,0,0,0,0,0,0,0,0,0,0,12.77,0,0,0,0,0,0,0,0,0
92.5,6,0,0,0,0,0,0,0,0,0,0,0,0,0,0,12.86,0,0,0,0,0,0,0,0,0
97.5,6,0,0,0,0,0,0,0,0,0,0,0,0,0,0,14.89,0,0,0,0,0,0,0,0,0
100,6,0,0,0,0,0,0,0,0,0,0,0,0,0,0,13.14,0,0,0,0,0,0,0,0,0
50,6,0,0,0,5,0,0,12,0,0,0,0,0,0,0,0,0,0,0,0,0,0,0,0,0
93.30000305,6,0,0,0,5,0,0,0,0,0.07,0,0,0,0,0,0,0,0,0,0,0,14.24,0,0,0
100,6,0,0,0,5,0,0,0,0,0,0,0,0,0,0,0,0,0,0,0,0,14.93,0,0,0
100,6,0,0,0,5,0,0,0,0,0,0.07,0,0,0,0,0,0,0,0,0,0,0,0,0,0
100,6,0,0,0,0,0,0,0,0,0,0,0,0,0,0,11.22,0,0,0,0,0,0,0,0,0
75.80000305,6,0.014084507,0,0,0,0,0,0,10.77,0,0,0,0,0,0,0,0,0,0,0,0,0,0,0,0
94.40000153,6,0,0,0,0,0,0,0,0,0,0,14.87,0,0,0,0,0,0,0,0,0,0,0,0,0
0,6,0,0,0,5,0,0,0,0,0,0,0,0,0.23,0,0,0,0,0,0,0,0,0,0,0
0,6,0,0,0,5,0,0,0,0,0,0,0,0,0,1.2,0,0,0,0,0,0,0,0,0,0
0,6,0,0,0,5,0,0,0,0,0,0,0,0,0.07,0,0,0,0,0,0,0,0,0,0,0
0,6,0,0,0,5,0,0,0,0,0,0,0,0,0.1,0,0,0,0,0,0,0,0,0,0,0
100,6,0,0,0,5,0,0,0,0,0,0,0,0,15.13,0,0,0,0,0,0,0,0,0,0,0
0,6,0,0,0,4,0,0,0,0,0,0,0,0,0.37,0,0,0,0,0,0,0,0,0,0,0
100,6,0,0,0,5,0,0,0,0,0,0,0,0,15.17,0,0,0,0,0,0,0,0,0,0,0
0,6,0,0,0,5,0,0,0,0,0,0,0,0,0.1,0,0,0,0,0,0,0,0,0,0,0
0,6,0,0,0,5,0,0,0,0,0,0,0,0,0.1,0,0,0,0,0,0,0,0,0,0,0
0,6,0,0,0,5,0,0,0,0,0,0,0,0,0.03,0,0,0,0,0,0,0,0,0,0,0
0,6,0,0,0,4,0,0,0,0,0,0,0,0,0.37,0,0,0,0,0,0,0,0,0,0,0
0,6,0,0,0,5,0,0,0,0,0,0,0,0,0.1,0,0,0,0,0,0,0,0,0,0,0
0,6,0,0,0,5,0,0,0,0,0,0,0,0,0.2,0,0,0,0,0,0,0,0,0,0,0
85,6,0,0,0,5,0,0,0,0,0,0,0,0,0,0,0,0,89.6,0,0,0,0,0,0,0
85,6,0,0,0,5,0,0,0,0,0,0,0,0,0,0,0,0,91.37,0,0,0,0,0,0,0
0,6,0,0,0,5,0,0,0,0,0,0,0,0,0,0,0,0,0,0,0,0,0,0,0,0
0,6,0,0,0,5,0,0,0,0,0,0,0,0,0.37,0,0,0,0,0,0,0,0,0,0,0
0,6,0,0,0,5,0,0,0,0,0,0,0,0,0.17,0,0,0,0,0,0,0,0,0,0,0
90,6,0,0,0,5,0,0,0,0,0,0,0,0,0,0,0,0,92.72,0,0,0,0,0,0,0
90,6,0,0,0,5,0,0,0,0,0,0,0,0,0,0,0,0,92.04,0,0,0,0,0,0,0
0,6,0,0,0,5,0,0,0,0,0,0,0,0,0.47,0,0,0,0,0,0,0,0,0,0,0
90,6,0,0,0,4,0,0,0,0,0,0,0,0,0,0,0,0,91.86,0,0,0,0,0,0,0
0,6,0,0,0,5,0,0,0,0,0,0,0,0,0.07,0,0,0,0,0,0,0,0,0,0,0
86,6,0,0,0,5,0,0,0,0,0,0,0,0,0,0,0,0,89.49,0,0,0,0,0,0,0
90,6,0,0,0,4,0,0,0,0,0,0,0,0,0,0,0,0,91.08,0,0,0,0,0,0,0
90,6,0,0,0,5,0,0,0,0,0,0,0,0,0,0,0,0,88.88,0,0,0,0,0,0,0
85,6,0,0,0,4,0,0,0,0,0,0,0,0,0,0,0,0,90.86,0,0,0,0,0,0,0
100,6,0,0,0,5,0,0,0,0,0,0,0,0,15.07,0,0,0,0,0,0,0,0,0,0,0
90,6,0,0,0,4,0,0,0,0,0,0,0,0,0,0,0,0,90.16,0,0,0,0,0,0,0
90,6,0,0,0,5,0,0,0,0,0,0,0,0,0,0,0,0,92.21,0,0,0,0,0,0,0
0,6,0,0,0,5,0,0,0,0,0,0,0,0,0.6,0,0,0,0,0,0,0,0,0,0,0
0,6,0,0,0,5,0,0,0,0,0,0,0,0,0.2,0,0,0,0,0,0,0,0,0,0,0
90,6,0,0,0,5,0,0,0,0,0,0,0,0,0,0,0,0,91.6,0,0,0,0,0,0,0
0,6,0,0,0,5,0,0,0,0,0,0,0,0,0.03,0,0,0,0,0,0,0,0,0,0,0
0,6,0,0,0,5,0,0,0,0,0,0,0,0,0.03,0,0,0,0,0,0,0,0,0,0,0
100,6,0,0,0,5,0,0,0,0,0,0,0,0,15.6,0,0,0,0,0,0,0,0,0,0,0
0,6,0,0,0,5,0,0,0,0,0,0,0,0,0.2,0,0,0,0,0,0,0,0,0,0,0
0,6,0,0,0,5,0,0,0,0,0,0,0,0,0.1,0,0,0,0,0,0,0,0,0,0,0
0,6,0,0,0,5,0,0,0,0,0,0,0,0,0.1,0,0,0,0,0,0,0,0,0,0,0
0,6,0,0,0,5,0,0,0,0,0,0,0,0,0.1,0,0,0,0,0,0,0,0,0,0,0
0,6,0,0,0,4,0,0,0,0,0,0,0,0,0.07,0,0,0,0,0,0,0,0,0,0,0
100,6,0,0,0,5,0,0,0,0,0,0,0,0,15.1,0,0,0,0,0,0,0,0,0,0,0
0,6,0,0,0,5,0,0,0,0,0,0,0,0,0.13,0,0,0,0,0,0,0,0,0,0,0
0,6,0,0,0,5,0,0,0,0,0,0,0,0,0.03,0,0,0,0,0,0,0,0,0,0,0
0,6,0,0,0,4,0,0,0,0,0,0,0,0,0.03,0,0,0,0,0,0,0,0,0,0,0
50,6,0,0,0,5,0,0,17.36,0,0,0,0,0,0,0,0,0,0,0,0,0,0,0,0,0
50,6,0,0,0,5,0,0,19.8,0,0,0,0,0,0,0,0,0,0,0,0,0,0,0,0,0
100,6,0,0,0,5,0,0,27.2,0,0,0,0,0,0,0,0,0,0,0,0,0,0,0,0,0
50,6,0,0,0,5,0,0,17.34,0,0,0,0,0,0,0,0,0,0,0,0,0,0,0,0,0
100,6,0,0,0,5,0,0,25.17,0,0,0,0,0,0,0,0,0,0,0,0,0,0,0,0,0
100,6,0,0,0,5,0,0,27.03,0,0,0,0,0,0,0,0,0,0,0,0,0,0,0,0,0
100,6,0,0,0,5,0,0,3.13,0,0,0,0,0,0,0,0,0,0,0,0,0,0,0,0,0
100,6,0,0,0,5,0,0,3.03,0,0,0,0,0,0,0,0,0,0,0,0,0,0,0,0,0
100,6,0,0,0,5,0,0,27.03,0,0,0,0,0,0,0,0,0,0,0,0,0,0,0,0,0
100,6,0,0,0,4,0,0,26.63,0,0,0,0,0,0,0,0,0,0,0,0,0,0,0,0,0
50,6,0,0,0,4,0,0,18.9,0,0,0,0,0,0,0,0,0,0,0,0,0,0,0,0,0
50,6,0,0,0,4,0,0,21.2,0,0,0,0,0,0,0,0,0,0,0,0,0,0,0,0,0
100,6,0,0,0,5,0,0,27.1,0,0,0,0,0,0,0,0,0,0,0,0,0,0,0,0,0
100,6,0,0,0,4,0,0,26.4,0,0,0,0,0,0,0,0,0,0,0,0,0,0,0,0,0
100,6,0,0,0,4,0,0,28.13,0,0,0,0,0,0,0,0,0,0,0,0,0,0,0,0,0
100,6,0,0,0,5,0,0,24.8,0,0,0,0,0,0,0,0,0,0,0,0,0,0,0,0,0
100,6,0,0,0,5,0,0,27.5,0,0,0,0,0,0,0,0,0,0,0,0,0,0,0,0,0
100,6,0,0,0,5,0,0,25.34,0,0,0,0,0,0,0,0,0,0,0,0,0,0,0,0,0
50,6,0,0,0,4,0,0,19.5,0,0,0,0,0,0,0,0,0,0,0,0,0,0,0,0,0
50,6,0,0,0,4,0,0,19.87,0,0,0,0,0,0,0,0,0,0,0,0,0,0,0,0,0
100,6,0,0,0,4,0,0,27.77,0,0,0,0,0,0,0,0,0,0,0,0,0,0,0,0,0
100,6,0,0,0,4,0,0,28.03,0,0,0,0,0,0,0,0,0,0,0,0,0,0,0,0,0
0,0,0,0,0,5,0,0,2.7,0,0,0,0,0,0,0,0,0,0,0,0,0,0,0,0,0
100,6,0,0,0,5,0,0,26.7,0,0,0,0,0,0,0,0,0,0,0,0,0,0,0,0,0
100,6,0,0,0,5,0,0,27.13,0,0,0,0,0,0,0,0,0,0,0,0,0,0,0,0,0
100,6,0,0,0,5,0,0,26.17,0,0,0,0,0,0,0,0,0,0,0,0,0,0,0,0,0
50,6,0,0,0,5,0,0,18.74,0,0,0,0,0,0,0,0,0,0,0,0,0,0,0,0,0
100,6,0,0,0,5,0,0,25.84,0,0,0,0,0,0,0,0,0,0,0,0,0,0,0,0,0
100,6,0,0,0,5,0,0,25.96,0,0,0,0,0,0,0,0,0,0,0,0,0,0,0,0,0
50,6,0,0,0,5,0,0,15.7,0,0,0,0,0,0,0,0,0,0,0,0,0,0,0,0,0
50,6,0,0,0,5,0,0,20.6,0,0,0,0,0,0,0,0,0,0,0,0,0,0,0,0,0
100,6,0,0,0,5,0,0,28.53,0,0,0,0,0,0,0,0,0,0,0,0,0,0,0,0,0
100,6,0,0,0,5,0,0,27.1,0,0,0,0,0,0,0,0,0,0,0,0,0,0,0,0,0
50,6,0,0,0,5,0,0,20.63,0,0,0,0,0,0,0,0,0,0,0,0,0,0,0,0,0
50,6,0,0,0,4,0,0,19.7,0,0,0,0,0,0,0,0,0,0,0,0,0,0,0,0,0
100,6,0,0,0,4,0,0,28.34,0,0,0,0,0,0,0,0,0,0,0,0,0,0,0,0,0
100,6,0,0,0,4,0,0,26.9,0,0,0,0,0,0,0,0,0,0,0,0,0,0,0,0,0
50,6,0,0,0,4,0,0,0.96,0,0,0,0,0,0,0,0,0,0,0,0,0,0,0,0,0
100,6,0,0,0,5,0,0,27.97,0,0,0,0,0,0,0,0,0,0,0,0,0,0,0,0,0
100,6,0,0,0,5,0,0,27.17,0,0,0,0,0,0,0,0,0,0,0,0,0,0,0,0,0
100,6,0,0,0,5,0,0,28.94,0,0,0,0,0,0,0,0,0,0,0,0,0,0,0,0,0
100,6,0,0,0,5,0,0,26.47,0,0,0,0,0,0,0,0,0,0,0,0,0,0,0,0,0
100,6,0,0,0,5,0,0,27.6,0,0,0,0,0,0,0,0,0,0,0,0,0,0,0,0,0
50,6,0,0,0,5,0,0,19.7,0,0,0,0,0,0,0,0,0,0,0,0,0,0,0,0,0
100,6,0,0,0,4,0,0,28.57,0,0,0,0,0,0,0,0,0,0,0,0,0,0,0,0,0
100,6,0,0,0,5,0,0,27.5,0,0,0,0,0,0,0,0,0,0,0,0,0,0,0,0,0
100,6,0,0,0,5,0,0,27.37,0,0,0,0,0,0,0,0,0,0,0,0,0,0,0,0,0
100,6,0,0,0,4,0,0,25.77,0,0,0,0,0,0,0,0,0,0,0,0,0,0,0,0,0
100,6,0,0,0,5,0,0,27.3,0,0,0,0,0,0,0,0,0,0,0,0,0,0,0,0,0
50,6,0,0,0,4,0,0,18.37,0,0,0,0,0,0,0,0,0,0,0,0,0,0,0,0,0
50,6,0,0,0,5,0,0,21.27,0,0,0,0,0,0,0,0,0,0,0,0,0,0,0,0,0
50,6,0,0,0,5,0,0,21.74,0,0,0,0,0,0,0,0,0,0,0,0,0,0,0,0,0
100,6,0,0,0,5,0,0,28.1,0,0,0,0,0,0,0,0,0,0,0,0,0,0,0,0,0
100,6,0,0,0,4,0,0,27.17,0,0,0,0,0,0,0,0,0,0,0,0,0,0,0,0,0
50,6,0,0,0,5,0,0,19.84,0,0,0,0,0,0,0,0,0,0,0,0,0,0,0,0,0
100,6,0,0,0,5,0,0,28.77,0,0,0,0,0,0,0,0,0,0,0,0,0,0,0,0,0
50,6,0,0,0,5,0,0,16.86,0,0,0,0,0,0,0,0,0,0,0,0,0,0,0,0,0
50,6,0,0,0,4,0,0,19.2,0,0,0,0,0,0,0,0,0,0,0,0,0,0,0,0,0
50,6,0,0,0,4,0,0,18.36,0,0,0,0,0,0,0,0,0,0,0,0,0,0,0,0,0
50,6,0,0,0,5,0,0,19.8,0,0,0,0,0,0,0,0,0,0,0,0,0,0,0,0,0
50,6,0,0,0,5,0,0,19.7,0,0,0,0,0,0,0,0,0,0,0,0,0,0,0,0,0
50,6,0,0,0,5,0,0,20.17,0,0,0,0,0,0,0,0,0,0,0,0,0,0,0,0,0
100,6,0,0,0,5,0,0,28.1,0,0,0,0,0,0,0,0,0,0,0,0,0,0,0,0,0
0,6,0,0,0,5,0,0,5.5,0,0,0,0,0,0,0,0,0,0,0,0,0,0,0,0,0
50,6,0,0,0,5,0,0,15.2,0,0,0,0,0,0,0,0,0,0,0,0,0,0,0,0,0
100,6,0,0,0,5,0,0,27.44,0,0,0,0,0,0,0,0,0,0,0,0,0,0,0,0,0
50,6,0,0,0,5,0,0,18.9,0,0,0,0,0,0,0,0,0,0,0,0,0,0,0,0,0
0,6,0,0,0,5,0,0,10.53,0,0,0,0,0,0,0,0,0,0,0,0,0,0,0,0,0
0,6,0,0,0,5,0,0,11.1,0,0,0,0,0,0,0,0,0,0,0,0,0,0,0,0,0
100,6,0,0,0,5,0,0,15.13,0,0,0,0,0,0,0,0,0,0,0,0,0,0,0,0,0
100,6,0,0,0,5,0,0,28.33,0,0,0,0,0,0,0,0,0,0,0,0,0,0,0,0,0
100,6,0,0,0,4,0,0,28.74,0,0,0,0,0,0,0,0,0,0,0,0,0,0,0,0,0
100,6,0,0,0,5,0,0,26.53,0,0,0,0,0,0,0,0,0,0,0,0,0,0,0,0,0
100,6,0,0,0,4,0,0,27.5,0,0,0,0,0,0,0,0,0,0,0,0,0,0,0,0,0
50,6,0,0,0,5,0,0,22.47,0,0,0,0,0,0,0,0,0,0,0,0,0,0,0,0,0
100,6,0,0,0,5,0,0,29.17,0,0,0,0,0,0,0,0,0,0,0,0,0,0,0,0,0
100,6,0,0,0,5,0,0,29.2,0,0,0,0,0,0,0,0,0,0,0,0,0,0,0,0,0
100,6,0,0,0,4,0,0,28.1,0,0,0,0,0,0,0,0,0,0,0,0,0,0,0,0,0
100,6,0,0,0,5,0,0,28.47,0,0,0,0,0,0,0,0,0,0,0,0,0,0,0,0,0
100,6,0,0,0,4,0,0,24.2,0,0,0,0,0,0,0,0,0,0,0,0,0,0,0,0,0
50,6,0,0,0,5,0,0,17.13,0,0,0,0,0,0,0,0,0,0,0,0,0,0,0,0,0
100,6,0,0,0,4,0,0,25.46,0,0,0,0,0,0,0,0,0,0,0,0,0,0,0,0,0
50,6,0,0,0,4,0,0,19.5,0,0,0,0,0,0,0,0,0,0,0,0,0,0,0,0,0
100,6,0,0,0,4,0,0,29.1,0,0,0,0,0,0,0,0,0,0,0,0,0,0,0,0,0
100,6,0,0,0,5,0,0,27.3,0,0,0,0,0,0,0,0,0,0,0,0,0,0,0,0,0
0,6,0,0,0,5,0,0,12.2,0,0,0,0,0,0,0,0,0,0,0,0,0,0,0,0,0
50,6,0,0,0,5,0,0,17.87,0,0,0,0,0,0,0,0,0,0,0,0,0,0,0,0,0
100,6,0,0,0,5,0,0,25.93,0,0,0,0,0,0,0,0,0,0,0,0,0,0,0,0,0
100,6,0,0,0,5,0,0,28.94,0,0,0,0,0,0,0,0,0,0,0,0,0,0,0,0,0
50,6,0,0,0,5,0,0,21.53,0,0,0,0,0,0,0,0,0,0,0,0,0,0,0,0,0
100,6,0,0,0,4,0,0,25.4,0,0,0,0,0,0,0,0,0,0,0,0,0,0,0,0,0
100,6,0,0,0,5,0,0,27.7,0,0,0,0,0,0,0,0,0,0,0,0,0,0,0,0,0
50,6,0,0,0,5,0,0,18.4,0,0,0,0,0,0,0,0,0,0,0,0,0,0,0,0,0
50,6,0,0,0,5,0,0,20.6,0,0,0,0,0,0,0,0,0,0,0,0,0,0,0,0,0
100,6,0,0,0,5,0,0,27.23,0,0,0,0,0,0,0,0,0,0,0,0,0,0,0,0,0
100,6,0,0,0,5,0,0,27.24,0,0,0,0,0,0,0,0,0,0,0,0,0,0,0,0,0
50,6,0,0,0,5,0,0,18.87,0,0,0,0,0,0,0,0,0,0,0,0,0,0,0,0,0
100,6,0,0,0,5,0,0,28.9,0,0,0,0,0,0,0,0,0,0,0,0,0,0,0,0,0
100,6,0,0,0,4,0,0,28.17,0,0,0,0,0,0,0,0,0,0,0,0,0,0,0,0,0
100,6,0,0,0,5,0,0,22.83,0,0,0,0,0,0,0,0,0,0,0,0,0,0,0,0,0
0,0,0.090909091,0,0,0,0,0,0,0,0,0,0,0,0,0,0,0,0,0,0,0,0,0,0,0
0,0,0,1,0,0,0,0,0,0,0,0,0,0,0,0,0,0,0,0,0,0,0,0,0,0
0,0,0,1,0,0,0,0,0,0,0,0,0,0,0,0,0,0,0,0,0,0,0,0,0,0
0,0,0,0,0,5,0,0,6.8,0,0,0,0,0,0,0,0,0,0,0,0,0,0,0,0,0
0,0,0,0,0,4,0,0,0.03,0,0,0,0,0,0,0,0,0,0,0,0,0,0,0,0,0
0,0,0,0,0,4,0,0,0,0,0,0,0,0,0,0,0,0,0,0,0,0,0,0,0,0
0,0,0,0,0,5,0,0,0,0,0,0,0,0,0,0,0,0,0,0,0,0,0,0,0,0
0,0,0,0,0,5,0,0,0,0,0,0,0,0,0,0,0,0,0,0,0,0,0,0,0,0
0,0,0,0,0,4,0,0,0,0,0,0,0,0,0,0,0,0,0,0,0,0,0,0,0,0
0,0,0,0,0,5,0,0,0,0,0,0,0,0,0,0.1,0,0,0,0,0,0,0,0,0,0
0,0,0,0,0,5,0,0,5.74,0,0,0,0,0,0,0,0,0,0,0,0,0,0,0,0,0
0,0,0,0,0,5,0,0,4.07,0,0,0,0,0,0,0,0,0,0,0,0,0,0,0,0,0
0,0,0,0,0,5,0,0,5.93,0,0,0,0,0,0,0,0,0,0,0,0,0,0,0,0,0
0,0,0,0,0,3,0,0,12.87,0,0,0,0,0,0,0,0,0,0,0,0,0,0,0,0,0
0,0,0,0,0,5,0,0,4.53,0,0,0,0,0,0,0,0,0,0,0,0,0,0,0,0,0
0,0,0,0,0,5,0,0,13.17,0,0,0,0,0,0,0,0,0,0,0,0,0,0,0,0,0
0,0,0,0,0,5,0,0,11.4,0,0,0,0,0,0,0,0,0,0,0,0,0,0,0,0,0
0,0,0,0,0,5,0,0,4.86,0,0,0,0,0,0,0,0,0,0,0,0,0,0,0,0,0
0,0,0,0,0,5,0,0,0.07,0,0,0,0,0,0,0,0,0,0,0,0,0,0,0,0,0
0,0,0,0,0,4,0,0,8.67,0,0,0,0,0,0,0,0,0,0,0,0,0,0,0,0,0
0,0,0,0,0,5,0,0,4.13,0,0,0,0,0,0,0,0,0,0,0,0,0,0,0,0,0
0,0,0,0,0,5,0,0,8.47,0,0,0,0,0,0,0,0,0,0,0,0,0,0,0,0,0
0,0,0,0,0,4,0,0,4.67,0,0,0,0,0,0,0,0,0,0,0,0,0,0,0,0,0
0,0,0,0,0,5,0,0,10.17,0,0,0,0,0,0,0,0,0,0,0,0,0,0,0,0,0
0,0,0,0,0,5,0,0,0,0,0,0.03,0,0,0,0,0,0,0,0,0,0,0,0,0,0
0,0,0,0,0,4,0,0,4.46,0,0,0,0,0,0,0,0,0,0,0,0,0,0,0,0,0
0,0,0,0,0,4,0,0,6.83,0,0,0,0,0,0,0,0,0,0,0,0,0,0,0,0,0
0,0,0,0,0,5,0,0,10,0,0,0,0,0,0,0,0,0,0,0,0,0,0,0,0,0
0,0,0,0,0,3,0,0,10.94,0,0,0,0,0,0,0,0,0,0,0,0,0,0,0,0,0
0,0,0,0,0,5,0,0,6.8,0,0,0,0,0,0,0,0,0,0,0,0,0,0,0,0,0
0,0,0,0,0,5,0,0,5.73,0,0,0,0,0,0,0,0,0,0,0,0,0,0,0,0,0
0,0,0,0,0,3,0,0,3.9,0,0,0,0,0,0,0,0,0,0,0,0,0,0,0,0,0
0,0,0,0,0,5,0,0,0,0,0,0,0,0,0,0,0,0,0,0,0,0,0,0,0,0
0,0,0,0,0,5,0,0,9.1,0,0,0,0,0,0,0,0,0,0,0,0,0,0,0,0,0
0,0,0,0,0,5,0,0,3.6,0,0,0,0,0,0,0,0,0,0,0,0,0,0,0,0,0
0,0,0,0,0,5,0,0,0,0,0,0,0,0,0,0,0,0,0,0,0,0,0,0,0,0
0,0,0,0,0,5,0,0,10.4,0,0,0,0,0,0,0,0,0,0,0,0,0,0,0,0,0
0,0,0,0,0,5,0,0,11.9,0,0,0,0,0,0,0,0,0,0,0,0,0,0,0,0,0
0,0,0,0,0,4,0,0,3.6,0,0,0,0,0,0,0,0,0,0,0,0,0,0,0,0,0
0,0,0,0,0,5,0,0,13.1,0,0,0,0,0,0,0,0,0,0,0,0,0,0,0,0,0
0,0,0,0,0,5,0,0,0,0,0,0,0,0,0,0,0,0,0,0,0,0,0,0,0,0
0,0,0,0,0,5,0,0.33,0,0,0,0,0,0,0,0,0,0,0,0,0,0,0,0,0,0
0,0,0,0,0,3,0,0,0,0,0,0,0,0,0,0,0,0,0,0,0,0,0,0,0,0
0,0,0,0,0,3,0,0,0,0,0,0,0,0,0,0,0,0,0,0,0,0,0,0,0,0
0,0,0,0,0,5,0,0,11.06,0,0,0,0,0,0,0,0,0,0,0,0,0,0,0,0,0
0,0,0,0,0,5,0,0,11.54,0,0,0,0,0,0,0,0,0,0,0,0,0,0,0,0,0
0,0,0,0,0,5,0,0,11.7,0,0,0,0,0,0,0,0,0,0,0,0,0,0,0,0,0
0,0,0,0,0,5,0,0,12.63,0,0,0,0,0,0,0,0,0,0,0,0,0,0,0,0,0
0,0,0,0,0,5,0,0,9.66,0,0,0,0,0,0,0,0,0,0,0,0,0,0,0,0,0
0,0,0,0,0,5,0,0,11.7,0,0,0,0,0,0,0,0,0,0,0,0,0,0,0,0,0
0,0,0,0,0,5,0,0,12.9,0,0,0,0,0,0,0,0,0,0,0,0,0,0,0,0,0
0,0,0,0,0,5,0,0,12.14,0,0,0,0,0,0,0,0,0,0,0,0,0,0,0,0,0
0,0,0,0,0,5,0,0,9.2,0,0,0,0,0,0,0,0,0,0,0,0,0,0,0,0,0
0,0,0,0,0,5,0,0,14.27,0,0,0,0,0,0,0,0,0,0,0,0,0,0,0,0,0
0,0,0,0,0,5,0,0,1.23,0,0,0,0,0,0,0,0,0,0,0,0,0,0,0,0,0
0,0,0,0,0,5,0,0,0.27,0,0,0,0,0,0,0,0,0,0,0,0,0,0,0,0,0
0,0,0,0,0,5,0,0,12.54,0,0,0,0,0,0,0,0,0,0,0,0,0,0,0,0,0
0,0,0,0,0,5,0,0,12.6,0,0,0,0,0,0,0,0,0,0,0,0,0,0,0,0,0
0,0,0,0,0,5,0,0,13.37,0,0,0,0,0,0,0,0,0,0,0,0,0,0,0,0,0
0,0,0,0,0,5,0,0,14.3,0,0,0,0,0,0,0,0,0,0,0,0,0,0,0,0,0
0,0,0,0,0,5,0,0,5.13,0,0,0,0,0,0,0,0,0,0,0,0,0,0,0,0,0
0,0,0,0,0,5,0,0,9.2,0,0,0,0,0,0,0,0,0,0,0,0,0,0,0,0,0
0,0,0,0,0,5,0,0,8.53,0,0,0,0,0,0,0,0,0,0,0,0,0,0,0,0,0
0,0,0,0,0,5,0,0,14,0,0,0,0,0,0,0,0,0,0,0,0,0,0,0,0,0
0,0,0,0,0,5,0,0,12.46,0,0,0,0,0,0,0,0,0,0,0,0,0,0,0,0,0
0,0,0,0,0,5,0,0,15.23,0,0,0,0,0,0,0,0,0,0,0,0,0,0,0,0,0
0,0,0,0,0,5,0,0,13.93,0,0,0,0,0,0,0,0,0,0,0,0,0,0,0,0,0
0,0,0,0,0,4,0,0,10.37,0,0,0,0,0,0,0,0,0,0,0,0,0,0,0,0,0
0,0,0,0,0,5,0,0,14.77,0,0,0,0,0,0,0,0,0,0,0,0,0,0,0,0,0
0,0,0,0,0,5,0,0,11.43,0,0,0,0,0,0,0,0,0,0,0,0,0,0,0,0,0
0,0,0,0,0,4,0,0,2.17,0,0,0,0,0,0,0,0,0,0,0,0,0,0,0,0,0
0,0,0,0,0,5,0,0,10.4,0,0,0,0,0,0,0,0,0,0,0,0,0,0,0,0,0
0,0,0,0,0,4,0,0,4,0,0,0,0,0,0,0,0,0,0,0,0,0,0,0,0,0
0,0,0,0,0,5,0,0,11.57,0,0,0,0,0,0,0,0,0,0,0,0,0,0,0,0,0
0,0,0,0,0,5,0,0,11.24,0,0,0,0,0,0,0,0,0,0,0,0,0,0,0,0,0
0,0,0,0,0,5,0,0,10.87,0,0,0,0,0,0,0,0,0,0,0,0,0,0,0,0,0
0,0,0,0,0,5,0,0,10.97,0,0,0,0,0,0,0,0,0,0,0,0,0,0,0,0,0
0,0,0,0,0,4,0,0,7.2,0,0,0,0,0,0,0,0,0,0,0,0,0,0,0,0,0
0,0,0,0,0,5,0,0,8.94,0,0,0,0,0,0,0,0,0,0,0,0,0,0,0,0,0
0,0,0,0,0,5,0,0,13.6,0,0,0,0,0,0,0,0,0,0,0,0,0,0,0,0,0
0,0,0,0,0,5,0,0,10.86,0,0,0,0,0,0,0,0,0,0,0,0,0,0,0,0,0
0,0,0,0,0,5,0,0,12.23,0,0,0,0,0,0,0,0,0,0,0,0,0,0,0,0,0
0,0,0,0,0,5,0,0,9.93,0,0,0,0,0,0,0,0,0,0,0,0,0,0,0,0,0
0,0,0,0,0,5,0,0,13.3,0,0,0,0,0,0,0,0,0,0,0,0,0,0,0,0,0
0,0,0,0,0,5,0,0,11.7,0,0,0,0,0,0,0,0,0,0,0,0,0,0,0,0,0
0,0,0,0,0,5,0,0,10.4,0,0,0,0,0,0,0,0,0,0,0,0,0,0,0,0,0
0,0,0,0,0,5,0,0,12.24,0,0,0,0,0,0,0,0,0,0,0,0,0,0,0,0,0
0,0,0,0,0,4,0,0,11.27,0,0,0,0,0,0,0,0,0,0,0,0,0,0,0,0,0
0,0,0,0,0,5,0,0,11.7,0,0,0,0,0,0,0,0,0,0,0,0,0,0,0,0,0
0,0,0,0,0,5,0,0,9.84,0,0,0,0,0,0,0,0,0,0,0,0,0,0,0,0,0
0,0,0,0,0,5,0,0,14.43,0,0,0,0,0,0,0,0,0,0,0,0,0,0,0,0,0
0,0,0,0,0,5,0,0,9.9,0,0,0,0,0,0,0,0,0,0,0,0,0,0,0,0,0
0,0,0,0,0,5,0,0,7.46,0,0,0,0,0,0,0,0,0,0,0,0,0,0,0,0,0
0,0,0,0,0,5,0,0,12,0,0,0,0,0,0,0,0,0,0,0,0,0,0,0,0,0
0,0,0,0,0,5,0,0,11.1,0,0,0,0,0,0,0,0,0,0,0,0,0,0,0,0,0
0,0,0,0,0,5,0,0,9.57,0,0,0,0,0,0,0,0,0,0,0,0,0,0,0,0,0
0,0,0,0,0,5,0,0,12.1,0,0,0,0,0,0,0,0,0,0,0,0,0,0,0,0,0
0,0,0,0,0,5,0,0,8.53,0,0,0,0,0,0,0,0,0,0,0,0,0,0,0,0,0
0,0,0,0,0,5,0,0,10,0,0,0,0,0,0,0,0,0,0,0,0,0,0,0,0,0
0,0,0,0,0,5,0,0,7.86,0,0,0,0,0,0,0,0,0,0,0,0,0,0,0,0,0
0,0,0,0,0,5,0,0,10.84,0,0,0,0,0,0,0,0,0,0,0,0,0,0,0,0,0
0,0,0,0,0,5,0,0,10.43,0,0,0,0,0,0,0,0,0,0,0,0,0,0,0,0,0
0,0,0,0,0,5,0,0,5.2,0,0,0,0,0,0,0,0,0,0,0,0,0,0,0,0,0
0,0,0,0,0,5,0,0,12,0,0,0,0,0,0,0,0,0,0,0,0,0,0,0,0,0
0,0,0,0,0,5,0,0,9.8,0,0,0,0,0,0,0,0,0,0,0,0,0,0,0,0,0
0,0,0,0,0,5,0,0,11.74,0,0,0,0,0,0,0,0,0,0,0,0,0,0,0,0,0
0,0,0,0,0,5,0,0,12.37,0,0,0,0,0,0,0,0,0,0,0,0,0,0,0,0,0
0,0,0,0,0,5,0,0,8.77,0,0,0,0,0,0,0,0,0,0,0,0,0,0,0,0,0
0,0,0,0,0,5,0,0,12.27,0,0,0,0,0,0,0,0,0,0,0,0,0,0,0,0,0
0,0,0,0,0,5,0,0,13.94,0,0,0,0,0,0,0,0,0,0,0,0,0,0,0,0,0
0,0,0,0,0,4,0,0,11.94,0,0,0,0,0,0,0,0,0,0,0,0,0,0,0,0,0
0,0,0,0,0,5,0,0,11.8,0,0,0,0,0,0,0,0,0,0,0,0,0,0,0,0,0
0,0,0,0,0,5,0,0,11.03,0,0,0,0,0,0,0,0,0,0,0,0,0,0,0,0,0
0,0,0,0,0,5,0,0,9.96,0,0,0,0,0,0,0,0,0,0,0,0,0,0,0,0,0
0,0,0,0,0,5,0,0,10.7,0,0,0,0,0,0,0,0,0,0,0,0,0,0,0,0,0
0,0,0,0,0,5,0,0,12.17,0,0,0,0,0,0,0,0,0,0,0,0,0,0,0,0,0
0,0,0,0,0,5,0,0,12.73,0,0,0,0,0,0,0,0,0,0,0,0,0,0,0,0,0
0,0,0,0,0,5,0,0,12.2,0,0,0,0,0,0,0,0,0,0,0,0,0,0,0,0,0
0,0,0,0,0,5,0,0,14,0,0,0,0,0,0,0,0,0,0,0,0,0,0,0,0,0
0,0,0,0,0,5,0,0,13.03,0,0,0,0,0,0,0,0,0,0,0,0,0,0,0,0,0
0,0,0,0,0,5,0,0,11.63,0,0,0,0,0,0,0,0,0,0,0,0,0,0,0,0,0
0,0,0,0,0,5,0,0,2.83,0,0,0,0,0,0,0,0,0,0,0,0,0,0,0,0,0
0,0,0,0,0,5,0,0,12.07,0,0,0,0,0,0,0,0,0,0,0,0,0,0,0,0,0
0,0,0,0,0,4,0,0,8.7,0,0,0,0,0,0,0,0,0,0,0,0,0,0,0,0,0
0,0,0,0,0,5,0,0,11.2,0,0,0,0,0,0,0,0,0,0,0,0,0,0,0,0,0
0,0,0,0,0,5,0,0,13.44,0,0,0,0,0,0,0,0,0,0,0,0,0,0,0,0,0
0,0,0,0,0,2,0,0,9.1,0,0,0,0,0,0,0,0,0,0,0,0,0,0,0,0,0
0,0,0,0,0,5,0,0,14,0,0,0,0,0,0,0,0,0,0,0,0,0,0,0,0,0
0,0,0,0,0,5,0,0,12.04,0,0,0,0,0,0,0,0,0,0,0,0,0,0,0,0,0
0,0,0,0,0,5,0,0,14.17,0,0,0,0,0,0,0,0,0,0,0,0,0,0,0,0,0
0,0,0,0,0,5,0,0,10.76,0,0,0,0,0,0,0,0,0,0,0,0,0,0,0,0,0
0,0,0,0,0,5,0,0,12.2,0,0,0,0,0,0,0,0,0,0,0,0,0,0,0,0,0
0,0,0,0,0,2,0,0,6.96,0,0,0,0,0,0,0,0,0,0,0,0,0,0,0,0,0
0,0,0,0,0,5,0,0,12.73,0,0,0,0,0,0,0,0,0,0,0,0,0,0,0,0,0
0,0,0,0,0,5,0,0,8.77,0,0,0,0,0,0,0,0,0,0,0,0,0,0,0,0,0
0,0,0,0,0,5,0,0,12.67,0,0,0,0,0,0,0,0,0,0,0,0,0,0,0,0,0
0,0,0,0,0,5,0,0,11.37,0,0,0,0,0,0,0,0,0,0,0,0,0,0,0,0,0
0,0,0,0,0,5,0,0,8.57,0,0,0,0,0,0,0,0,0,0,0,0,0,0,0,0,0
0,0,0,0,0,5,0,0,11,0,0,0,0,0,0,0,0,0,0,0,0,0,0,0,0,0
0,0,0,0,0,5,0,0,12.1,0,0,0,0,0,0,0,0,0,0,0,0,0,0,0,0,0
0,0,0,0,0,5,0,0,10.84,0,0,0,0,0,0,0,0,0,0,0,0,0,0,0,0,0
0,0,0,0,0,5,0,0,8.7,0,0,0,0,0,0,0,0,0,0,0,0,0,0,0,0,0
0,0,0,0,0,5,0,0,9.84,0,0,0,0,0,0,0,0,0,0,0,0,0,0,0,0,0
0,0,0,0,0,5,0,0,11.73,0,0,0,0,0,0,0,0,0,0,0,0,0,0,0,0,0
0,0,0,0,0,5,0,0,7.43,0,0,0,0,0,0,0,0,0,0,0,0,0,0,0,0,0
0,0,0,0,0,5,0,0,13.27,0,0,0,0,0,0,0,0,0,0,0,0,0,0,0,0,0
0,0,0,0,0,5,0,0,11.5,0,0,0,0,0,0,0,0,0,0,0,0,0,0,0,0,0
0,0,0,0,0,5,0,0,12.34,0,0,0,0,0,0,0,0,0,0,0,0,0,0,0,0,0
0,0,0,0,0,5,0,0,13.67,0,0,0,0,0,0,0,0,0,0,0,0,0,0,0,0,0
0,0,0,0,0,5,0,0,11.87,0,0,0,0,0,0,0,0,0,0,0,0,0,0,0,0,0
0,0,0,0,0,5,0,0,3.1,0,0,0,0,0,0,0,0,0,0,0,0,0,0,0,0,0
0,0,0,0,0,5,0,0,10.27,0,0,0,0,0,0,0,0,0,0,0,0,0,0,0,0,0
0,0,0,0,0,5,0,0,12.2,0,0,0,0,0,0,0,0,0,0,0,0,0,0,0,0,0
0,0,0,0,0,4,0,0,10.34,0,0,0,0,0,0,0,0,0,0,0,0,0,0,0,0,0
0,0,0,0,0,5,0,0,11.17,0,0,0,0,0,0,0,0,0,0,0,0,0,0,0,0,0
0,0,0,0,0,5,0,0,10.24,0,0,0,0,0,0,0,0,0,0,0,0,0,0,0,0,0
0,0,0,0,0,4,0,0,12.2,0,0,0,0,0,0,0,0,0,0,0,0,0,0,0,0,0
0,0,0,0,0,5,0,0,0,0,0,0,0,0,0,0,0,0,0,0,0,0,0,0,0,0
0,0,0,0,0,0,0,0,0,0,0,0,0,0,0,0,0,0,0,0,0,0,0,0,0,0
0,0,0,0,0,0,0,0,0,0,0,0,0,0,0,0,0,0,0,0,0,0,0,0,0,0
0,0,0,0,0,0,0,0,0,0,0,0,0,0,0.33,0,0,0,0,0,0,0,0,0,0,0
0,0,0,0,0,0,0,0,0,0,0,0.3,0,0,0,0,0,0,0,0,0,0,0,0,0,0
0,0,0,0,0,0,0,0,0,0,0,0,0,0,0,0,0,0,0,0,0,0,0,0,0,0
0,0,0,0,0,0,0.03,0,0,0,0,0,0,0,0,0,0,0,0,0,0,0,0,0,0,0
0,0,0,0,0,0,0.07,0,0,0,0,0,0,0,0,0,0,0,0,0,0,0,0,0,0,0
0,0,0,0,0,0,0,0,0.03,0,0,0,0,0,0,0,0,0,0,0,0,0,0,0,0,0
0,0,0,0,0,0,0.07,0,0,0,0,0,0,0,0,0,0,0,0,0,0,0,0,0,0,0
0,0,0,0,0,0,0,0,0,0,0,0,0,0,0,0,0,0,0,0,0,0,0,0,0,0
0,0,0,0,0,0,0,0,0.2,0,0,0,0,0,0,0,0,0,0,0,0,0,0,0,0,0
0,0,0,0,0,0,0,0,0,0,0,0,0,0,0,0,0,0,0,0,0,0,0,0,0,0
0,0,0,0,0,0,0,0,0,0,0,0,0,0,0,0,0,0,0,0,0,0,0,0,0,0
0,0,0,0,0,0,0,0,0,0,0,0,0,0,0,0,0,0,0,0,0.07,0,0,0,0,0
0,0,0,0,0,0,0,0,0,0,0,0,0,0,0,0,0,0,0,0,0,0,0,0,0,0
0,0,0,0,0,0,0,0,0,0,0,0,0,0,0,0,0,0,0,0,0.03,0,0,0,0,0
0,0,0,0,0,0,0,0,0,0,0,0,0,0,0,0,0,0,0,0,0,0,0,0,0,0
0,0,0,0,0,0,0,0,0,0,0,0,0,0,0,0,0,0,0,0,0.03,0,0,0,0,0
0,0,0,0,0,0,0,0,0,0,0,0,0,0,0,0,0,0,0,0,0,0,0,0,0,0
0,0,0,0,0,0,0,0,0,0,0,0,0,0,0,0,0,0,0,0,0,0,0,0,0,0
0,0,0,0,0,0,0,0,0,0,0,0,0,0,0,0,0,0,0,0,0,0,0,0,0,0
0,0,0,0,0,0,0,0,0,0,0,0,0,0,0,0,0,0,0,0,0,0,0,0,0,0
0,0,0,0,0,0,0,0,0,0,0,0,0,0,0,0,0,0,0,0,0,0,0,0,0,0
0,0,0,0,0,0,0,0,0,0,0,0,0,0,0,0,0,0,0,0,0.03,0,0,0,0,0
0,0,0,0,0,0,0,0,0,0,0,0,0,0,0,0,0,0,0,0,0,0,0,0,0,0
0,0,0,0,0,0,0,0,0,0,0,0,0,0,0,0,0,0,0,0,0,0,0,0,0,0
0,0,0,0,0,0,0,0,0,0,0,0,0,0,0,0,0,0,0,0,0,0,0,0,0,0
0,0,0,0,0,0,0,0,0,0,0,0,0,0,0,0,0,0,0,0,0,0,0,0,0,0
0,0,0,0,0,0,0,0,0,0,0,0,0,0,0,0,0,0,0,0,0,0,0,0,0,0
0,0,0,0,0,0,0,0,0,0,0,0,0,0,0,0,0,0,0,0,0,0,0,0,0,0
0,0,0,0,0,0,0,0,0,0,0,0,0,0,0,0,0,0,0,0,0.03,0,0,0,0,0
0,0,0,0,0,0,0,0,0,0,0,0,0,0,0,0,0,0,0,0,0,0,0,0,0,0
0,0,0,0,0,0,0,0,0,0,0,0,0,0,0,0,0,0,0,0,0,0,0,0,0,0
0,0,0,0,0,0,0,0,0,0,0,0,0,0,0,0,0,0,0,0,0,0,0,0,0,0
0,0,0,0,0,0,0,0,0,0,0,0,0,0,0,0,0,0,0,0,0,0,0,0,0,0
0,0,0,0,0,0,0,0,0,0,0,0,0,0,0,0,0,0,0,0,0,0,0,0,0,0
0,0,0,0,0,0,0,0,0,0,0,0,0,0,0,0,0,0,0,0,0,0,0,0,0,0
0,0,0,0,0,0,0,0,0,0,0,0,0,0,0,0,0,0.03,0,0,0,0,0,0,0,0
0,0,0,0,0,0,0,0,0,0,0,0,0,0,0,0,0,0.03,0,0,0,0,0,0,0,0
0,0,0,0,0,0,0,0,0,0,0,0,0,0,0,0,0,0,0,0,0,0,0,0,0,0
0,0,0,0,0,0,0,0,0,0,0,0,0,0,0,0,0,0,0,0,0,0,0,0,0,0
0,0,0,0,0,0,0,0,0,0,0,0,0,0,0,0,0,0,0,0,0,0,0,0,0,0
0,0,0,0,0,0,0,0,0,0,0,0,0,0,0,0,0,0,0,0,0,0,0,0,0,0
0,0,0,0,0,0,0,0,0,0,0,0,0,0,0,0,0,0.03,0,0,0,0,0,0,0,0
0,0,0,0,0,0,0,0,0,0,0,0,0,0,0,0,0,0.03,0,0,0,0,0,0,0,0
0,0,0,0,0,0,0,0,0,0,0,0,0,0,0,0,0,0,0,0,0,0,0,0,0,0
0,0,0,0,0,0,0,0,0,0,0,0,0,0,0,0,0,0,0,0,0,0,0,0,0,0
0,0,0,0,0,0,0,0,0,0,0,0,0,0,0,0,0,0,0,0,0,0,0,0,0,0
0,0,0,0,0,0,0,0,0,0,0,0,0,0,0,0,0,0,0,0,0,0,0,0,0,0
0,0,0,0,0,0,0,0,0,0,0,0,0,0,0,0,0,0.03,0,0,0,0,0,0,0,0
0,0,0,0,0,0,0,0,0,0,0,0,0,0,0,0,0,0,0,0,0,0,0,0,0,0
0,0,0,0,0,0,0,0,0,0,0,0,0,0,0,0,0,0,0,0,0,0,0,0,0,0
0,0,0,0,0,0,0,0,0,0,0,0,0,0,0,0,0,0,0,0,0,0.03,0,0,0,0
0,0,0,0,0,0,0,0,0,0,0,0,0,0,0,0,0,0,0,0,0,0,0,0,0,0
0,0,0,0,0,0,0,0,0,0,0,0,0,0,0,0,0,0,0,0,0,0,0,0,0,0
0,0,0,0,0,0,0,0,0,0,0,0,0,0,0,0,0,0,0,0,0,0,0,0.03,0,0
0,0,0,0,0,0,0,0,0,0,0,0,0,0,0,0,0,0,0,0,0,0,0,0,0,0
0,0,0,0,0,0,0.07,0,0,0,0,0,0,0,0,0,0,0,0,0,0,0,0,0,0,0
0,0,0,0,0,0,0.03,0,0,0,0,0,0,0,0,0,0,0,0,0,0,0,0,0,0,0
0,0,0,0,0,0,0,0,0,0,0,0,0,0,0,0,0,0,0,0,0,0,0,0,0,0
0,0,0,0,0,0,0.1,0,0,0,0,0,0,0,0,0,0,0,0,0,0,0,0,0,0,0
0,0,0,0,0,0,0,0,0,0,0,0,0,0,0,0,0,0,0,0,0,0,0,0,0.07,0
0,0,0,0,0,0,0,0,0,0,0,0,0,0,0,0,0,0,0,0,0,0,0,0,0,0
0,0,0,0,0,0,0,0,0,0,0,0,0,0,0,0,0,0,0,0,0,0,0,0,0,0
0,0,0,0,0,0,0,0,0,0,0,0,0,0,0,0,0,0,0,0,0,0,0,0,0,0
0,0,0,0,0,0,0,0,0,0,0,0,0,0,0,0,0,0,0,0,0,0,0,0,0,0
0,0,0,0,0,0,0.17,0,0,0,0,0,0,0,0,0,0,0,0,0,0,0,0,0,0,0
0,0,0,0,0,0,0,0,0,0,0,0,0,0,0,0,0,0,0,0,0,0,0,0,0,0
0,0,0,0,0,0,0,0,0,0,0,0,0,0,0,0.13,0,0,0,0,0,0,0,0,0,0
0,0,0,0,0,0,0,0,0,0,0,0,0,0,0,0,0,0,0,0,0,0,0,0,0,0
0,0,0,0,0,0,0,0,0,0,0,0,0,0,0,0,0,0,0,0,0,0,0,0,0,0
0,0,0,0,0,0,0,0,0,0,0,0,0,0,0,0,0,0,0,0,0,0,0,0,0,0
0,0,0,0,0,0,0,0,0,0,0,0,0,0,0,0,0,0,0,0,0,0,0,0,0,0
0,0,0,0,0,0,0,0,0,0,0,0,0,0,0,0,0,0,0,0,0,0,0,0,0,0
0,0,0,0,0,0,0,0,0,0,0,0,0,0,0,0,0,0,0,0,0,0,0,0,0,0
0,0,0,0,0,0,0.03,0,0,0,0,0,0,0,0,0,0,0,0,0,0,0,0,0,0,0
0,0,0,0,0,0,0.07,0,0,0,0,0,0,0,0,0,0,0,0,0,0,0,0,0,0,0
0,0,0,0,0,0,0,0,0,0,0,0,0,0,0,0,0,0,0,0,0,0,0,0,0,0
0,0,0,0,0,0,0.03,0,0,0,0,0,0,0,0,0,0,0,0,0,0,0,0,0,0,0
0,0,0,0,0,0,0,0,0,0,0,0,0,0,0,0,0,0,0,0,0,0.03,0,0,0,0
0,0,0,0,0,0,0,0,0,0,0,0,0,0,0,0,0,0,0,0,0,0,0,0.1,0,0
0,0,0,0,0,0,0,0,0,0,0,0,0,0,0,0,0,0,0,0,0,0,0,0,0,0
0,0,0,0,0,0,0,0,0,0,0,0,0,0,0,0,0,0,0,0,0,0,0,0,0,0
0,0,0,0,0,0,0,0,0,0,0,0,0,0,0,0,0,0,0,0,0,0,0,0.07,0,0
0,0,0,0,0,0,0,0,0,0,0,0,0,0,0,0,0,0,0,0,0,0,0,0,0,0
0,0,0,0,0,0,0.03,0,0,0,0,0,0,0,0,0,0,0,0,0,0,0,0,0,0,0
0,0,0,0,0,0,0.07,0,0,0,0,0,0,0,0,0,0,0,0,0,0,0,0,0,0,0
0,0,0,0,0,0,0,0,0,0,0,0,0,0,0,0,0,0,0,0,0,0,0,0,0,0
0,0,0,0,0,0,0.03,0,0,0,0,0,0,0,0,0,0,0,0,0,0,0,0,0,0,0
0,0,0,0,0,0,0,0,0,0,0,0,0,0,0,0,0,0,0,0,0,0,0,0,0,0
0,0,0,0,0,0,0,0,0,0,0,0,0,0,0,0,0,0,0,0,0,0,0,0,0,0
0,0,0,0,0,0,0,0,0,0,0,0,0,0,0,0,0,0,0,0,0,0,0,0,0,0
0,0,0,0,0,0,0,0,0,0,0,0,0,0,0,0,0,0,0,0,0,0,0,0,0,0
0,0,0,0,0,0,0,0,0,0,0,0,0,0,0,0,0,0,0,0,0,0,0,0,0,0
0,0,0,0,0,0,0,0,0,0,0,0,0,0,0,0,0,0,0,0,0,0,0,0,0,0
0,0,0,0,0,0,0.13,0,0,0,0,0,0,0,0,0,0,0,0,0,0,0,0,0,0,0
0,0,0,0,0,0,0,0,0,0,0,0,0,0,0,0,0,0,0,0,0,0,0,0,0,0
0,0,0,0,0,0,0,0,0,0,0,0,0,0,0,0,0,0,0,0,0,0,0,0.03,0,0
0,0,0,0,0,0,0.03,0,0,0,0,0,0,0,0,0,0,0,0,0,0,0,0,0,0,0
0,0,0,0,0,0,0,0,0,0,0,0,0,0,0,0,0,0,0,0,0,0,0,0,0,0
0,0,0,0,0,0,0,0,0,0,0,0,0,0,0,0,0,0,0,0,0,0,0,0,0.03,0
0,0,0,0,0,0,0,0,0,0,0,0,0,0,0,0,0,0,0,0,0,0,0,0,0,0
0,0,0,0,0,0,0,0,0,0,0.03,0,0,0,0,0,0,0,0,0,0,0,0,0,0,0
0,0,0,0,0,0,0,0,0,0,0,0,0,0,0,0,0,0,0,0,0,0.03,0,0,0,0
0,0,0,0,0,0,0,0,0,0,0,0,0,0,0,0,0,0,0,0,0,0,0,0,0.03,0
0,0,0,0,0,0,0,0,6.5,0,0,0,0,0,0,0,0,0,0,0,0,0,0,0,0,0
0,0,0,0,0,0,0,0,0,0,0,0,0,0,0,0,0,0,0,0,0,0,0,0,0.2,0
0,0,0,0,0,0,0,0,0,0,0,0,0,0,0,0,0,0,0,0,0,0,0,0.03,0,0
0,0,0,0,0,0,0,0,5.1,0,0,0,0,0,0,0,0,0,0,0,0,0,0,0,0,0
0,0,0,0,0,0,0,0,0,0,0,0,0,0,0,0,0,0,0,0,0,0,0,0,0.07,0
0,0,0,0,0,0,0,0,0,0,0,0,0,0,0,0,0,0,0,0,0,0.03,0,0,0,0
0,0,0,0,0,0,0,0,0,0,0,0.03,0,0,0,0,0,0,0,0,0,0,0,0,0,0
0,0,0,0,0,0,0.03,0,0,0,0,0,0,0,0,0,0,0,0,0,0,0,0,0,0,0
0,0,0,0,0,0,0,0,0,0,0,0,0,0,0,0,0,0,0,0,0,0,0,0,0,0
0,0,0,0,0,0,0,0,0,0,0,0,0,0,0,0,0,0,0,0,0,0,0,0.13,0,0
0,0,0,0,0,0,0,0,0,0,0,0,0,0,0,0,0,0,0,0,0,0,0,0,0.03,0
0,0,0,0,0,0,0,0,0,0,0,0,0,0,0,0,0,0,0,0,0,0,0,0.07,0,0
0,0,0,0,0,0,0,0,0,0,0,0,0,0,0,0,0,0,0,0,0,0,0,0,0,0
0,0,0,0,0,0,0,0,0,0,0.1,0,0,0,0,0,0,0,0,0,0,0,0,0,0,0
0,0,0,0,0,0,0,0,0,0,0,0,0,0,0,0,0,0,0,0,0,0,0,0,0,0
0,0,0,0,0,0,0,0,0,0,0,0,0,0,0,0,0,0,0,0,0,0,0,0,0,0
0,0,0,0,0,0,0.03,0,0,0,0,0,0,0,0,0,0,0,0,0,0,0,0,0,0,0
0,0,0,0,0,0,0,0,0,0,0,0,0,0,0,0,0,0,0,0,0,0,0,0.07,0,0
0,0,0,0,0,0,0,0,0,0,0,0,0,0,0,0,0,0,0,0,0,0,0,0,0.07,0
0,0,0,0,0,0,0,0,0,0,0,0,0,0,0,0,0,0,0,0,0,0,0,0,0.03,0
0,0,0,0,0,0,0,0,0,0,0,0,0,0,0,0,0,0,0,0,0,0,0,0,0,0
0,0,0,0,0,0,0,0,0,0,0,0,0,0,0,0,0,0,0,0,0,0,0,0,0,0
0,0,0,0,0,0,0,0,0,0,0,0,0,0,0,0,0,0,0,0,0,0,0,0,0.03,0
0,0,0,0,0,0,0,0,0,0,0,0,0,0,0,0,0,0,0,0,0,0,0,0.23,0,0
0,0,0,0,0,0,0,0,0,0,0,0,0,0,0,0,0,0,0,0,0,0,0,0,0,0
0,0,0,0,0,0,0,0,0,0,0,0,0,0,0,0,0,0,0,0,0,0,0,0,0.13,0
0,0,0,0,0,0,0,0,0,0,0,0,0,0,0,0,0,0,0,0,0,0,0,0,0,0
0,0,0,0,0,0,0,0,0,0,0,0,0,0,0,0,0,0,0,0,0,0,0,0.03,0,0
0,0,0,0,0,0,0,0,0,0,0,0,0,0,0,0,0,0,0,0,0,0,0,0,0.03,0
0,0,0,0,0,0,0,0,0,0,0.1,0,0,0,0,0,0,0,0,0,0,0,0,0,0,0
0,0,0,0,0,0,0,0,0,0,0,0,0,0,0,0,0,0,0,0,0,0,0,0,0,0
0,0,0,0,0,0,0,0,10.03,0,0,0,0,0,0,0,0,0,0,0,0,0,0,0,0,0
0,0,0,0,0,0,0,0,0,0,0,0,0,0,0,0,0,0,0,0,0,0,0,0,0,0
0,0,0,0,0,0,0,0,0,0,0,0,0,0,0,0,0,0,0,0,0,0,0,0,0.03,0
0,0,0,0,0,0,0,0,2.03,0,0,0,0,0,0,0,0,0,0,0,0,0,0,0,0,0
0,0,0,0,0,0,0,0,0,0,0,0,0,0,0,0,0,0,0,0,0,0,0,0,0.07,0
0,0,0,0,0,0,0,0,0,0,0.2,0,0,0,0,0,0,0,0,0,0,0,0,0,0,0
0,0,0,0,0,0,0,0,0,0,0,0,0,0,0,0,0,0,0,0,0,0,0,0.03,0,0
0,0,0,0,0,0,0,0,0,0,0.03,0,0,0,0,0,0,0,0,0,0,0,0,0,0,0
0,0,0,0,0,0,0,0,0,0,0,0,0,0,0,0,0,0,0,0,0,0,0,0,0,0
0,0,0,0,0,0,0,0,0,0,0,0,0,0,0,0,0,0,0,0,0,0,0,0,0,0
0,0,0,0,0,0,0,0,10.8,0,0,0,0,0,0,0,0,0,0,0,0,0,0,0,0,0
0,0,0,0,0,0,0.17,0,0,0,0,0,0,0,0,0,0,0,0,0,0,0,0,0,0,0
0,0,0,0,0,0,0,0,0,0,0,0,0,0,0,0,0,0,0,0,0,0,0,0.13,0,0
0,0,0,0,0,0,0.03,0,0,0,0,0,0,0,0,0,0,0,0,0,0,0,0,0,0,0
0,0,0,0,0,0,0,0,0,0,0,0,0,0,0,0,0,0,0,0,0,0,0,0,0,0
0,0,0,0,0,0,0,0,0,0,0,0,0,0,0,0,0,0,0,0,0,0,0,0.07,0,0
0,0,0,0,0,0,0,0,0,0,0,0,0,0,0,0,0,0,0,0,0,0,0,0,0.03,0
0,0,0,0,0,0,0,0,0,0,0,0,0,0,0,0,0,0,0,0,0,0,0,0,0,0
0,0,0,0,0,0,0,0,0,0,0,0,0,0,0,0,0,0,0,0,0,0,0,0,0,0
0,0,0,0,0,0,0,0,0,0,0,0,0,0,0,0,0,0,0,0,0,0,0,0.17,0,0
0,0,0,0,0,0,0,0,0,0,0,0,0,0,0,0,0,0,0,0,0,0,0,0,0.07,0
0,0,0,0,0,0,0,0,0,0,0,0,0,0,0,0,0,0,0,0,0,0,0,0,0.03,0
0,0,0,0,0,0,0,0,0,0,0,0,0,0,0,0,0,0,0,0,0,0,0,0,0,0
0,0,0,0,0,0,0.03,0,0,0,0,0,0,0,0,0,0,0,0,0,0,0,0,0,0,0
0,0,0,0,0,0,0,0,0,0,0,0,0,0,0,0,0,0,0,0,0,0,0,0.1,0,0
0,0,0,0,0,0,0,0,0,0,0,0,0,0,0,0,0,0,0,0,0,0,0,0.1,0,0
0,0,0,0,0,0,0,0,0,0,0,0,0,0,0,0,0,0,0,0,0,0,0,0,0,0
0,0,0,0,0,0,0,0,0,0,0,0,0,0,0,0,0,0,0,0,0,0,0,0.03,0,0
0,0,0,0,0,0,0,0,0,0,0,0,0,0,0,0,0,0,0,0,0,0,0,0,0,0
0,0,0,0,0,0,0,0,0,0,0,0.07,0,0,0,0,0,0,0,0,0,0,0,0,0,0
0,0,0,0,0,0,0,0,0,0,0,0,0,0,0,0,0,0,0,0,0,0,0,0.03,0,0
0,0,0,0,0,0,0,0,0,0,0,0,0,0,0,0,0,0,0,0,0,0,0,0,0,0
0,0,0,0,0,0,0,0,0,0,0,0,0,0,0,0,0,0,0,0,0,0,0,0.23,0,0
0,0,0,0,0,0,0,0,0,0,0,0,0,0,0,0,0,0,0,0,0,0,0,0,0,0
0,0,0,0,0,0,0,0,0,0,0,0,0,0,0,0,0,0,0,0,0,0,0,0,0,0
0,0,0,0,0,0,0,0,0,0,0,0,0,0,0,0,0,0,0,0,0,0,0,0,0.1,0
0,0,0,0,0,0,0,0,0,0,0,0,0,0,0,0,0,0,0,0,0,0,0,0,0,0
0,0,0,0,0,0,0,0,0,0,0,0,0,0,0,0,0,0,0,0,0,0,0,0.03,0,0
0,0,0,0,0,0,0,0,0,0,0,0,0,0,0,0,0,0,0,0,0,0,0,0,0.07,0
0,0,0,0,0,0,0,0,0,0,0,0,0,0,0,0,0,0,0,0,0,0,0,0,0.07,0
0,0,0,0,0,0,0,0,0,0,0,0,0,0,0,0,0,0,0,0,0,0,0,0.23,0,0
0,0,0,0,0,0,0,0,0,0,0,0,0,0,0,0,0,0,0,0,0,0,0,0,0,0
0,0,0,0,0,0,0,0,0,0,0,0,0,0,0,0,0,0,0,0,0,0,0,0,0,0
0,0,0,0,0,0,0,0,8.03,0,0,0,0,0,0,0,0,0,0,0,0,0,0,0,0,0
0,0,0,0,0,0,0,0,8.07,0,0,0,0,0,0,0,0,0,0,0,0,0,0,0,0,0
0,0,0,0,0,0,0,0,4.67,0,0,0,0,0,0,0,0,0,0,0,0,0,0,0,0,0
0,0,0,0,0,0,0,0,0,0,0,0,0,0,0,0,0,0,0,0,0,0,0,0.07,0,0
0,0,0,0,0,0,0,0,5.07,0,0,0,0,0,0,0,0,0,0,0,0,0,0,0,0,0
0,0,0,0,0,0,0,0,0,0,0,0,0,0,0,0,0,0,0,0,0,0,0,0,0,0
0,0,0,0,0,0,0,0,0,0,0,0,0,0,0,0,0,0,0,0,0,0,0,0,0.03,0
0,0,0,0,0,0,0,0,0,0,0.03,0,0,0,0,0,0,0,0,0,0,0,0,0,0,0
0,0,0,0,0,0,0,0,2.57,0,0,0,0,0,0,0,0,0,0,0,0,0,0,0,0,0
0,0,0,0,0,0,0,0,0,0,0,0,0,0,0,0,0,0,0,0,0,0,0,0,0,0
0,0,0,0,0,0,0,0,0,0,0,0,0,0,0,0,0,0,0,0,0,0,0,0,0,0
0,0,0,0,0,0,0,0,0,0,0,0,0,0,0,0,0,0,0,0,0,0,0,0.07,0,0
0,0,0,0,0,0,0,0,0,0,0,0,0,0,0,0,0,0,0,0,0,0,0,0.1,0,0
0,0,0,0,0,0,0,0,0,0,0,0,0,0,0,0,0,0,0,0,0,0,0,0.07,0,0
0,0,0,0,0,0,0,0,0,0,0,0,0,0,0,0,0,0,0,0,0,0,0,0,0,0
0,0,0,0,0,0,0,0,0,0,0,0,0,0,0,0,0,0,0,0,0,0,0,0,0,0
0,0,0,0,0,0,0,0,0,0,0,0,0,0,0,0,0,0,0,0,0,0,0,0,0.07,0
0,0,0,0,0,0,0,0,0,0,0,0,0,0,0,0,0,0,0,0,0,0,0,0,0.07,0
0,0,0,0,0,0,0,0,0,0,0,0,0,0,0,0,0,0,0,0,0,0,0,0.07,0,0
0,0,0,0,0,0,0,0,0,0,0,0,0,0,0,0,0,0,0,0,0,0,0,0.03,0,0
0,0,0,0,0,0,0,0,0,0,0,0,0,0,0,0,0,0,0,0,0,0,0,0.03,0,0
0,0,0,0,0,0,0,0,0,0,0,0,0,0,0,0,0,0,0,0,0,0,0,0,0,0
0,0,0,0,0,0,0,0,9.1,0,0,0,0,0,0,0,0,0,0,0,0,0,0,0,0,0
0,0,0,0,0,0,0,0,0,0,0,0,0,0,0,0,0,0,0,0,0,0,0,0.1,0,0
0,0,0,0,0,0,0.03,0,0,0,0,0,0,0,0,0,0,0,0,0,0,0,0,0,0,0
0,0,0,0,0,0,0,0,8.84,0,0,0,0,0,0,0,0,0,0,0,0,0,0,0,0,0
0,0,0,0,0,0,0,0,0,0,0,0,0,0,0,0,0,0,0,0,0,0,0,0,0.1,0
0,0,0,0,0,0,0,0,0,0,0,0,0,0,0,0,0,0,0,0,0,0,0,0,0.03,0
0,0,0,0,0,0,0,0,0,0,0,0,0,0,0,0,0,0,0,0,0,0,0,0.03,0,0
0,0,0,0,0,0,0,0,0,0,0,0,0,0,0,0,0,0,0,0,0,0,0,0,0,0
0,0,0,0,0,0,0,0,0,0,0,0,0,0,0,0,0,0,0,0,0,0,0,0,0.03,0
0,0,0,0,0,0,0.03,0,0,0,0,0,0,0,0,0,0,0,0,0,0,0,0,0,0,0
0,0,0,0,0,0,0,0,0,0,0,0.1,0,0,0,0,0,0,0,0,0,0,0,0,0,0
0,0,0,0,0,0,0,0,7.06,0,0,0,0,0,0,0,0,0,0,0,0,0,0,0,0,0
0,0,0,0,0,0,0,0,0,0,0,0,0,0,0,0,0,0,0,0,0,0,0,0,0,0
0,0,0,0,0,0,0,0,0,0,0,0,0,0,0,0,0,0,0,0,0,0,0,0,0,0
0,0,0,0,0,0,0.33,0,0,0,0,0,0,0,0,0,0,0,0,0,0,0,0,0,0,0
0,0,0,0,0,0,0,0,0,0,0.03,0,0,0,0,0,0,0,0,0,0,0,0,0,0,0
0,0,0,0,0,0,0,0,0,0,0,0,0,0,0,0,0,0,0,0,0,0,0,0,0,0
0,0,0,0,0,0,0,0,0,0,0,0,0,0,0,0,0,0,0,0,0,0,0,0,0,0
0,0,0,0,0,0,0.03,0,0,0,0,0,0,0,0,0,0,0,0,0,0,0,0,0,0,0
0,0,0,0,0,0,0,0,0,0,0,0,0,0,0,0,0,0,0,0,0,0,0,0.07,0,0
0,0,0,0,0,0,0,0,0,0,0,0,0,0,0,0,0,0,0,0,0,0,0,0.23,0,0
0,0,0,0,0,0,0,0,0,0,0,0,0,0,0,0,0,0,0,0,0,0,0,0.07,0,0
0,0,0,0,0,0,0,0,0,0,0,0,0,0,0,0,0,0,0,0,0,0,0,0.03,0,0
0,0,0,0,0,0,0,0,0,0,0,0,0,0,0,0,0,0,0,0,0,0,0,0.03,0,0
0,0,0,0,0,0,0,0,7.53,0,0,0,0,0,0,0,0,0,0,0,0,0,0,0,0,0
0,0,0,0,0,0,0,0,0,0,0,0,0,0,0,0,0,0,0,0,0,0,0,0,0.07,0
0,0,0,0,0,0,0,0,0,0,0,0,0,0,0,0,0,0,0,0,0,0,0,0,0,0
0,0,0,0,0,0,0,0,0,0,0,0,0,0,0,0,0,0,0,0,0,0,0,0,0,0
0,0,0,0,0,0,0,0,0,0,0,0,0,0,0,0,0,0,0,0,0,0,0,0,0,0
0,0,0,0,0,0,0,0,0,0,0,0,0,0,0,0,0,0,0,0,0,0,0,0.13,0,0
0,0,0,0,0,0,0,0,0,0,0,0,0,0,0,0,0,0,0,0,0,0,0,0,0,0
0,0,0,0,0,0,0,0,0,0,0,0,0,0,0,0,0,0,0,0,0,0,0,0.13,0,0
0,0,0,0,0,0,0,0,0,0,0.03,0,0,0,0,0,0,0,0,0,0,0,0,0,0,0
0,0,0,0,0,0,0,0,0,0,0,0,0,0,0,0,0,0,0,0,0,0,0,0,0,0
0,0,0,0,0,0,0,0,0,0,0,0,0,0,0,0,0,0,0,0,0,0,0,0,0,0
0,0,0,0,0,0,0,0,0,0,0,0,0,0,0,0,0,0,0,0,0,0,0,0.07,0,0
0,0,0,0,0,0,0,0,0,0,0,0,0,0,0,0,0,0,0,0,0,0.07,0,0,0,0
0,0,0,0,0,0,0,0,0,0,0,0,0,0,0,0,0,0,0,0,0,0,0,0,0,0
0,0,0,0,0,0,0,0,0,0,0,0,0,0,0,0,0,0,0,0,0,0,0,0,0,0
0,0,0,0,0,0,0,0,0,0,0,0,0,0,0,0,0,0,0,0,0,0,0,0.07,0,0
0,0,0,0,0,0,0,0,0,0,0,0,0,0,0,0,0,0,0,0,0,0,0,0.03,0,0
0,0,0,0,0,0,0,0,6.78,0,0,0,0,0,0,0,0,0,0,0,0,0,0,0,0,0
0,0,0,0,0,0,0,0,0,0,0,0,0,0,0,0,0,0,0,0,0,0,0,0,0,0
0,0,0,0,0,0,0,0,0,0,0,0,0,0,0,0,0,0,0,0,0,0,0,0.2,0,0
0,0,0,0,0,0,0,0,0,0,0,0,0,0,0,0,0,0,0,0,0,0,0,0,0,0
0,0,0,0,0,0,0,0,0,0,0,0,0,0,0,0,0,0,0,0,0,0,0,0,0,0
0,0,0,0,0,0,0,0,0,0,0,0,0,0,0,0,0,0,0,0,0,0,0,0.13,0,0
0,0,0,0,0,0,0,0,0,0,0,0,0,0,0,0,0,0,0,0,0,0,0,0.03,0,0
0,0,0,0,0,0,0,0,8,0,0,0,0,0,0,0,0,0,0,0,0,0,0,0,0,0
0,0,0,0,0,0,0,0,0,0,0,0,0,0,0,0,0,0,0,0,0,0,0,0,0,0
0,0,0,0,0,0,0,0,0,0,0,0,0,0,0,0,0,0,0,0,0,0,0,0.1,0,0
0,0,0,0,0,0,0,0,6.83,0,0,0,0,0,0,0,0,0,0,0,0,0,0,0,0,0
0,0,0,0,0,0,0,0,0,0,0,0,0,0,0,0,0,0,0,0,0,0,0,0,0,0
0,0,0,0,0,0,0,0,0,0,0,0,0,0,0,0,0,0,0,0,0,0,0,0.23,0,0
0,0,0,0,0,0,0,0,0,0,0,0,0,0,0,0,0,0,0,0,0,0,0,0,0,0
0,0,0,0,0,0,0,0,0,0,0,0,0,0,0,0,0,0,0,0,0,0,0,0,0.03,0
0,0,0,0,0,0,0,0,0,0,0,0,0,0,0,0,0,0,0,0,0,0,0,0,0,0
0,0,0,0,0,0,0,0,0,0,0,0,0,0,0,0,0,0,0,0,0,0,0,0,0,0
0,0,0,0,0,0,0,0,0,0,0,0,0,0,0,0,0,0,0,0,0,0,0,0,0.1,0
0,0,0,0,0,0,0,0,0,0,0,0,0,0,0,0,0,0,0,0,0,0,0,0,0,0
0,0,0,0,0,0,0,0,0,0,0,0,0,0,0,0,0,0,0,0,0,0,0,0,0,0
0,0,0,0,0,0,0,0,0,0,0,0,0,0,0,0,0,0,0,0,0,0,0,0,0,0
0,0,0,0,0,0,0.03,0,0,0,0,0,0,0,0,0,0,0,0,0,0,0,0,0,0,0
0,0,0,0,0,0,0,0,0,0,0,0,0,0,0,0,0,0,0,0,0,0,0,0,0,0
0,0,0,0,0,0,0,0,0,0,0,0,0,0,0,0,0,0,0,0,0,0,0,0,0,0
0,0,0,0,0,0,0,0,0,0,0,0,0,0,0,0,0,0,0,0,0,0,0,0,0,0
0,0,0,0,0,0,0,0,0,0,0,0,0,0,0,0,0,0,0,0,0,0,0,0,0,0
0,0,0,0,0,0,0,0,0,0,0,0,0,0,0,0,0,0,0,0,0,0,0,0,0,0
0,0,0,0,0,0,0,0,0,0,0,0,0,0,0.17,0,0,0,0,0,0,0,0,0,0,0
0,0,0,0,0,0,0,0,0,0,0,0,0,0,0,0,0,0,0,0,0,0.13,0,0,0,0
0,0,0,0,0,0,0,0,0,0,0,0,0,0,0,0,0,0,0,0,0,0,0,0,0,0
0,0,0,0,0,0,0,0,0,0,0,0,0,0,0,0,0,0,0,0,0,0,0,0,0,0
0,0,0,0,0,0,0,0,0,0,0,0,0,0,0,0,0,0,0,0,0,0,0,0,0,0
0,0,0,0,0,0,0,0,0,0,0,0,0,0,0,0,0,0,0,0,0,0.03,0,0,0,0
0,0,0,0,0,0,0,0,0,0,0,0,0,0,0,0,0,0,0,0,0,0.2,0,0,0,0
0,0,0,0,0,0,0,0,0,0,0,0,0,0,0,0,0,0,0,0,0,0.13,0,0,0,0
0,0,0,0,0,0,0,0,0,0,0,0,0,0,0,0,0,0,0,0,0,0.07,0,0,0,0
0,0,0,0,0,0,0,0,0,0,0,0,0,0,0,0,0,0,0,0,0,0,0,0,0,0
0,0,0,0,0,0,0,0,0,0,0,0,0,0,0,0,0,0,0,0,0,0.1,0,0,0,0
0,0,0,0,0,0,0,0,0,0,0,0,0,0,0,0,0,0,0,0,0,0.07,0,0,0,0
0,0,0,0,0,0,0,0,0,0,0,0,0,0,0,0,0,0,0,0,0,0.2,0,0,0,0
0,0,0,0,0,0,0,0,0,0,0,0,0,0,0,0,0,0,0,0,0,0.07,0,0,0,0
0,0,0,0,0,0,0,0,0,0,0,0,0,0,0,0,0,0,0,0,0,0,0,0,0,0
0,0,0,0,0,0,0,0,0,0,0,0,0,0,0,0,0,0,0,0,0,0,0,0,0,0
0,0,0,0,0,0,0,0,0,0,0,0,0,0,0,0,0,0,0,0,0,0.1,0,0,0,0
0,0,0,0,0,0,0,0,0,0,0,0,0,0,0,0,0,0,0,0,0,0,0,0,0,0
0,0,0,0,0,0,0,0,0,0,0,0,0,0,0,0,0,0,0,0,0,0.1,0,0,0,0
0,0,0,0,0,0,0,0,0,0,0,0,0,0,0,0,0,0,0,0,0,0.03,0,0,0,0
0,0,0,0,0,0,0,0,0,0,0,0,0,0,0,0,0,0,0,0,0,0,0,0,0,0
0,0,0,0,0,0,0,0,0,0,0,0,0,0,0,0,0,0,0,0,0,0,0,0,0,0
0,0,0,0,0,0,0,0,0,0,0,0,0,0,0,0,0,0,0,0,0,0.03,0,0,0,0
0,0,0,0,0,0,0,0,0,0,0,0,0,0,0,0,0,0,0,0,0,0.03,0,0,0,0
0,0,0,0,0,0,0,0,0,0,0,0,0,0,0,0,0,0,0,0,0,0,0,0,0,0
0,0,0,0,0,0,0,0,0,0,0,0,0,0,0,0,0,0,0,0,0,0.1,0,0,0,0
0,0,0,0,0,0,0,0,0,0,0,0,0,0,0,0,0,0,0,0,0,0,0,0,0,0
0,0,0,0,0,0,0,0,0,0,0,0,0,0,0,0,0,0,0,0,0,0,0,0,0,0
0,0,0,0,0,0,0,0,0,0,0,0,0,0,0,0,0,0,0,0,0,0,0,0,0,0
0,0,0,0,0,0,0,0,0,0,0,0,0,0,0,0,0,0,0,0,0,0.1,0,0,0,0
0,0,0,0,0,0,0,0,0,0,0,0,0,0,0,0,0,0,0,0,0,0,0,0,0,0
0,0,0,0,0,0,0,0,0,0,0,0,0,0,0,0,0,0,0,0,0,0,0,0,0,0
0,0,0,0,0,0,0,0,0,0,0,0,0,0,0,0,0,0,0,0,0,0,0,0,0,0
0,0,0,0,0,0,0,0,0,0,0,0,0,0,0,0,0,0,0,0,0,0.07,0,0,0,0
0,0,0,0,0,0,0,0,0,0,0,0,0,0,0,0,0,0,0,0,0,0.13,0,0,0,0
0,0,0,0,0,0,0,0,0,0,0,0,0,0,0,0,0,0,0,0,0,0.03,0,0,0,0
0,0,0,0,0,0,0,0,0,0,0,0,0,0,0,0,0,0,0,0,0,0.07,0,0,0,0
0,0,0,0,0,0,0,0,0,0,0,0,0,0,0,0,0,0,0,0,0,0,0,0,0,0
0,0,0,0,0,0,0,0,0,0,0,0,0,0,0,0,0,0,0,0,0,0,0,0,0,0
0,0,0,0,0,0,0,0,0,0,0,0,0,0,0,0,0,0,0,0,0,0.1,0,0,0,0
0,0,0,0,0,0,0,0,0,0,0,0,0,0,0,0,0,0,0,0,0,0,0,0,0,0
0,0,0,0,0,0,0,0,0,0,0,0,0,0,0,0,0,0,0,0,0,0.17,0,0,0,0
0,0,0,0,0,0,0,0,0,0,0,0,0,0,0,0,0,0,0,0,0,0.03,0,0,0,0
0,0,0,0,0,0,0,0,0,0,0,0,0,0,0,0,0,0,0,0,0,0.03,0,0,0,0
0,0,0,0,0,0,0,0,0,0,0,0,0,0,0,0,0,0,0,0,0,0.07,0,0,0,0
0,0,0,0,0,0,0,0,0,0,0,0,0,0,0,0,0,0,0,0,0,0.13,0,0,0,0
0,0,0,0,0,0,0,0,0,0,0,0,0,0,0,0,0,0,0,0,0,0.03,0,0,0,0
0,0,0,0,0,0,0,0,0,0,0,0,0,0,0,0,0,0,0,0,0,0.03,0,0,0,0
0,0,0,0,0,0,0,0,0,0,0,0,0,0,0,0,0,0,0,0,0,0.27,0,0,0,0
0,0,0,0,0,0,0,0,0,0,0,0,0,0,0,0,0,0,0,0,0,0.13,0,0,0,0
0,0,0,0,0,0,0,0,0,0,0,0,0,0,0,0,0,0,0,0,0,0,0,0,0,0
0,0,0,0,0,0,0,0,0,0,0,0,0,0,0,0,0,0,0,0,0,0,0,0,0,0
0,0,0,0,0,0,0,0,0,0,0,0,0,0,0,0,0,0,0,0,0,0.1,0,0,0,0
0,0,0,0,0,0,0,0,0,0,0,0,0,0,0,0,0,0,0,0,0,0.1,0,0,0,0
0,0,0,0,0,0,0,0,0,0,0,0,0,0,0,0,0,0,0,0,0,0.07,0,0,0,0
0,0,0,0,0,0,0,0,0,0,0,0,0,0,0,0,0,0,0,0,0,0,0,0,0,0
0,0,0,0,0,0,0,0,0,0,0,0,0,0,0,0,0,0,0,0,0,0.03,0,0,0,0
0,0,0,0,0,0,0,0,0,0,0,0,0,0,0,0,0,0,0,0,0,0,0,0,0,0
0,0,0,0,0,0,0,0,0,0,0,0,0,0,0,0,0,0,0,0,0,0,0,0,0,0
0,0,0,0,0,0,0,0,0,0,0,0,0,0,0,0,0,0,0,0,0,0.13,0,0,0,0
0,0,0,0,0,0,0,0,0,0,0,0,0,0,0,0,0,0,0,0,0,0,0,0,0,0
0,0,0,0,0,0,0,0,0,0,0,0,0,0,0,0,0,0,0,0,0,0,0,0,0,0
0,0,0,0,0,0,0,0,0,0,0,0,0,0,0,0,0,0,0,0,0,0.17,0,0,0,0
0,0,0,0,0,0,0,0,0,0,0,0,0,0,0,0,0,0,0,0,0,0.03,0,0,0,0
0,0,0,0,0,0,0,0,0,0,0,0,0,0,0,0,0,0,0,0,0,0.1,0,0,0,0
0,0,0,0,0,0,0,0,0,0,0,0,0,0,0,0,0,0,0,0,0,0.1,0,0,0,0
0,0,0,0,0,0,0,0,0,0,0,0,0,0,0,0,0,0,0,0,0,0.07,0,0,0,0
0,0,0,0,0,0,0,0,0,0,0,0,0,0,0,0,0,0,0,0,0,0,0,0,0,0
0,0,0,0,0,0,0,0,0,0,0,0,0,0,0,0,0,0,0,0,0,0,0,0,0,0
0,0,0,0,0,0,0,0,0,0,0,0,0,0,0,0,0,0,0,0,0,0.13,0,0,0,0
0,0,0,0,0,0,0,0,0,0,0,0,0,0,0,0,0,0,0,0,0,0,0,0,0,0
0,0,0,0,0,0,0,0,0,0,0,0,0,0,0,0,0,0,0,0,0,0,0,0,0,0
0,0,0,0,0,0,0,0,0,0,0,0,0,0,0,0,0,0,0,0,0,0,0,0,0,0
0,0,0,0,0,0,0,0,0,0,0,0,0,0,0,0,0,0,0,0,0,0.03,0,0,0,0
0,0,0,0,0,0,0,0,0,0,0,0,0,0,0,0,0,0,0,0,0,0,0,0,0,0
0,0,0,0,0,0,0,0,0,0,0,0,0,0,0,0,0,0,0,0,0,0.03,0,0,0,0
0,0,0,0,0,0,0,0,0,0,0,0,0,0,0,0,0,0,0,0,0,0,0,0,0,0
0,0,0,0,0,0,0,0,0,0,0,0,0,0,0,0,0,0,0,0,0,0.07,0,0,0,0
0,0,0,0,0,0,0,0,0,0,0,0,0,0,0,0,0,0,0,0,0,0,0,0,0,0
0,0,0,0,0,0,0,0,0,0,0,0,0,0,0,0,0,0,0,0,0,0,0,0,0,0
0,0,0,0,0,0,0,0,0,0,0,0,0,0,0,0,0,0,0,0,0,0.1,0,0,0,0
0,0,0,0,0,0,0,0,0,0,0,0,0,0,0,0,0,0,0,0,0,0,0,0,0,0
0,0,0,0,0,0,0,0,0,0,0,0,0,0,0,0,0,0,0,0,0,0.1,0,0,0,0
0,0,0,0,0,0,0,0,0,0,0,0,0,0,0,0,0,0,0,0,0,0,0,0,0,0
0,0,0,0,0,0,0,0,0,0,0,0,0,0,0,0,0,0,0,0,0,0.1,0,0,0,0
0,0,0,0,0,0,0,0,0,0,0,0,0,0,0,0,0,0,0,0,0,0.17,0,0,0,0
0,0,0,0,0,0,0,0,0,0,0,0,0,0,0,0,0,0,0,0,0,0,0,0,0,0
0,0,0,0,0,0,0,0,0,0,0,0,0,0,0,0,0,0,0,0,0,0,0,0,0,0
0,0,0,0,0,0,0,0,0,0,0,0,0,0,0,0,0,0,0,0,0,0.07,0,0,0,0
0,0,0,0,0,0,0,0,0,0,0,0,0,0,0,0,0,0,0,0,0,0,0,0,0,0
0,0,0,0,0,0,0,0,0,0,0,0,0,0,0,0,0,0,0,0,0,0,0,0,0,0
0,0,0,0,0,0,0,0,0,0,0,0,0,0,0,0,0,0,0,0,0,0,0,0,0,0
0,0,0,0,0,0,0,0,0,0,0,0,0,0,0,0,0,0,0,0,0,0.1,0,0,0,0
0,0,0,0,0,0,0,0,0,0,0,0,0,0,0,0,0,0,0,0,0,0.03,0,0,0,0
0,0,0,0,0,0,0,0,0,0,0,0,0,0,0,0,0,0,0,0,0,0.07,0,0,0,0
0,0,0,0,0,0,0,0,0,0,0,0,0,0,0,0,0,0,0,0,0,0.07,0,0,0,0
0,0,0,0,0,0,0,0,0,0,0,0,0,0,0,0,0,0,0,0,0,0.03,0,0,0,0
0,0,0,0,0,0,0,0,0,0,0,0,0,0,0,0,0,0,0,0,0,0,0,0,0,0
0,0,0,0,0,0,0,0,0,0,0,0,0,0,0,0,0,0,0,0,0,0,0,0,0,0
0,0,0,0,0,0,0,0,0,0,0,0,0,0,0,0,0,0,0,0,0,0.03,0,0,0,0
0,0,0,0,0,0,0,0,0,0,0,0,0,0,0,0,0,0,0,0,0,0.03,0,0,0,0
0,0,0,0,0,0,0,0,0,0,0,0,0,0,0,0,0,0,0,0,0,0,0,0,0,0
0,0,0,0,0,0,0,0,0,0,0,0,0,0,0,0,0,0,0,0,0,0,0,0,0,0
0,0,0,0,0,0,0,0,0,0,0,0,0,0,0,0,0,0,0,0,0,0.07,0,0,0,0
0,0,0,0,0,0,0,0,0,0,0,0,0,0,0,0,0,0,0,0,0,0.03,0,0,0,0
0,0,0,0,0,0,0,0,0,0,0,0,0,0,0,0,0,0,0,0,0,0.17,0,0,0,0
0,0,0,0,0,0,0,0,0,0,0,0,0,0,0,0,0,0,0,0,0,0,0,0,0,0
0,0,0,0,0,0,0,0,0,0,0,0,0,0,0,0,0,0,0,0,0,0.2,0,0,0,0
0,0,0,0,0,0,0,0,0,0,0,0,0,0,0,0,0,0,0,0,0,0.1,0,0,0,0
0,0,0,0,0,0,0,0,0,0,0,0,0,0,0,0,0,0,0,0,0,0,0,0,0,0
0,0,0,0,0,0,0,0,0,0,0,0,0,0,0,0,0,0,0,0,0,0.03,0,0,0,0
0,0,0,0,0,0,0,0,0,0,0,0,0,0,0,0,0,0,0,0,0,0.03,0,0,0,0
0,0,0,0,0,0,0,0,0,0,0,0,0,0,0,0,0,0,0,0,0,0,0,0,0,0
0,0,0,0,0,0,0,0,0,0,0,0,0,0,0,0,0,0,0,0,0,0,0,0,0,0
0,0,0,0,0,0,0,0,0,0,0,0,0,0,0,0,0,0,0,0,0,0,0,0,0,0
0,0,0,0,0,0,0,0,0,0,0,0,0,0,0,0,0,0,0,0,0,0.1,0,0,0,0
0,0,0,0,0,0,0,0,0,0,0,0,0,0,0,0,0,0,0,0,0,0.07,0,0,0,0
0,0,0,0,0,0,0,0,0,0,0,0,0,0,0,0,0,0,0,0,0,0.07,0,0,0,0
0,0,0,0,0,0,0,0,0,0,0,0,0,0,0,0,0,0,0,0,0,0,0,0,0,0
0,0,0,0,0,0,0,0,0,0,0,0,0,0,0,0,0,0,0,0,0,0.07,0,0,0,0
0,0,0,0,0,0,0,0,0,0,0,0,0,0,0,0,0,0,0,0,0,0.07,0,0,0,0
0,0,0,0,0,0,0,0,0,0,0,0,0,0,0,0,0,0,0,0,0,0.03,0,0,0,0
0,0,0,0,0,0,0,0,0,0,0,0,0,0,0,0,0,0,0,0,0,0.03,0,0,0,0
0,0,0,0,0,0,0,0,0,0,0,0,0,0,0,0,0,0,0,0,0,0,0,0,0,0
0,0,0,0,0,0,0,0,0,0,0,0,0,0,0,0,0,0,0,0,0,0.03,0,0,0,0
0,0,0,0,0,0,0,0,0,0,0,0,0,0,0,0,0,0,0,0,0,0,0,0,0,0
0,0,0,0,0,0,0,0,0,0,0,0,0,0,0,0,0,0,0,0,0,0.07,0,0,0,0
0,0,0,0,0,0,0,0,0,0,0,0,0,0,0,0,0,0,0,0,0,0.07,0,0,0,0
0,0,0,0,0,0,0,0,0,0,0,0,0,0,0,0,0,0,0,0,0,0.03,0,0,0,0
0,0,0,0,0,0,0,0,0,0,0,0,0,0,0,0,0,0,0,0,0,0,0,0,0,0
0,0,0,0,0,0,0,0,0,0,0,0,0,0,0,0,0,0,0,0,0,0.03,0,0,0,0
0,0,0,0,0,0,0,0,0,0,0,0,0,0,0,0,0,0,0,0,0,0.07,0,0,0,0
0,0,0,0,0,0,0,0,0,0,0,0,0,0,0,0,0,0,0,0,0,0.07,0,0,0,0
0,0,0,0,0,0,0,0,0,0,0,0,0,0,0,0,0,0,0,0,0,0.23,0,0,0,0
0,0,0,0,0,0,0,0,0,0,0,0,0,0,0,0,0,0,0,0,0,0.07,0,0,0,0
0,0,0,0,0,0,0,0,0,0,0,0,0,0,0,0,0,0,0,0,0,0.1,0,0,0,0
0,0,0,0,0,0,0,0,0,0,0,0,0,0,0,0,0,0,0,0,0,0,0,0,0,0
0,0,0,0,0,0,0,0,0,0,0,0,0,0,0,0,0,0,0,0,0,0.1,0,0,0,0
0,0,0,0,0,0,0,0,0,0,0,0,0,0,0,0,0,0,0,0,0,0.03,0,0,0,0
0,0,0,0,0,0,0,0,0,0,0,0,0,0,0,0,0,0,0,0,0,0.1,0,0,0,0
0,0,0,0,0,0,0,0,0,0,0,0,0,0,0,0,0,0,0,0,0,0,0,0,0,0
0,0,0,0,0,0,0,0,0,0,0,0,0,0,0,0,0,0,0,0,0,0.03,0,0,0,0
0,0,0,0,0,0,0,0,0,0,0,0,0,0,0,0,0,0,0,0,0,0.17,0,0,0,0
0,0,0,0,0,0,0,0,0,0,0,0,0,0,0,0,0,0,0,0,0,0.03,0,0,0,0
0,0,0,0,0,0,0,0,0,0,0,0,0,0,0,0,0,0,0,0,0,0,0,0,0,0
0,0,0,0,0,0,0,0,0,0,0,0,0,0,0,0,0,0,0,0,0,0.1,0,0,0,0
0,0,0,0,0,0,0,0,0,0,0,0,0,0,0,0,0,0,0,0,0,0,0,0,0,0
0,0,0,0,0,0,0,0,0,0,0,0,0,0,0,0,0,0,0,0,0,0,0,0,0,0
0,0,0,0,0,0,0,0,0,0,0,0,0,0,0,0,0,0,0,0,0,0,0,0,0,0
0,0,0,0,0,0,0,0,0,0,0,0,0,0,0,0,0,0,0,0,0,0,0,0,0,0
0,0,0,0,0,0,0,0,0,0,0,0,0,0,0,0,0,0,0,0,0,0.1,0,0,0,0
0,0,0,0,0,0,0,0,0,0,0,0,0,0,0,0,0,0,0,0,0,0.03,0,0,0,0
0,0,0,0,0,0,0,0,0,0,0,0,0,0,0,0,0,0,0,0,0,0.2,0,0,0,0
0,0,0,0,0,0,0,0,0,0,0,0,0,0,0,0,0,0,0,0,0,0.03,0,0,0,0
0,0,0,0,0,0,0,0,0,0,0,0,0,0,0,0,0,0,0,0,0,0.13,0,0,0,0
0,0,0,0,0,0,0,0,0,0,0,0,0,0,0,0,0,0,0,0,0,0.23,0,0,0,0
0,0,0,0,0,0,0,0,0,0,0,0,0,0,0,0,0,0,0,0,0,0.13,0,0,0,0
0,0,0,0,0,0,0,0,0,0,0,0,0,0,0,0,0,0,0,0,0,0.03,0,0,0,0
0,0,0,0,0,0,0,0,0,0,0,0,0,0,0,0,0,0,0,0,0,0,0,0,0,0
0,0,0,0,0,0,0,0,0,0,0,0,0,0,0,0,0,0,0,0,0,0,0,0,0,0
0,0,0,0,0,0,0,0,0,0,0,0,0,0,0,0,0,0,0,0,0,0.03,0,0,0,0
0,0,0,0,0,0,0,0,0,0,0,0,0,0,0,0,0,0,0,0,0,0.03,0,0,0,0
0,0,0,0,0,0,0,0,0,0,0,0,0,0,0,0,0,0,0,0,0,0,0,0,0,0
0,0,0,0,0,0,0,0,0,0,0,0,0,0,0,0,0,0,0,0,0,0,0,0,0,0
0,0,0,0,0,0,0,0,0,0,0,0,0,0,0,0,0,0,0,0,0,0,0,0,0,0
0,0,0,0,0,0,0,0,0,0,0,0,0,0,0,0,0,0,0,0,0,0.13,0,0,0,0
0,0,0,0,0,0,0,0,0,0,0,0,0,0,0,0,0,0,0,0,0,0,0,0,0,0
0,0,0,0,0,0,0,0,0,0,0,0,0,0,0,0,0,0,0,0,0,0.1,0,0,0,0
0,0,0,0,0,0,0,0,0,0,0,0,0,0,0,0,0,0,0,0,0,0.03,0,0,0,0
0,0,0,0,0,0,0,0,0,0,0,0,0,0,0,0,0,0,0,0,0,0.03,0,0,0,0
0,0,0,0,0,0,0,0,0,0,0,0,0,0,0,0,0,0,0,0,0,0.03,0,0,0,0
0,0,0,0,0,0,0,0,0,0,0,0,0,0,0,0,0,0,0,0,0,0,0,0,0,0
0,0,0,0,0,0,0,0,0,0,0,0,0,0,0,0,0,0,0,0,0,0.03,0,0,0,0
0,0,0,0,0,0,0,0,0,0,0,0,0,0,0,0,0,0,0,0,0,0,0,0,0,0
